"File Path: C:\Users\polpo\Desktop\EXPORT\Test Run 27\DAQ- Axial Force; … - (Timed).csv   "
"Test: Amortyzatory_1"
"Test Run: Test Run 27"
"Date: 16.03.2026 12:25:51"
""
""
"Axial Force ";"Axial Displacement ";"Running Time "
"kN";"mm";"sec"
"-0,0279594211578369";"-0,00688895579514792";"0"
"-0,120322776794434";"-0,101126694062259";"0,0810546875"
"-0,158132461547852";"-0,199305985006504";"0,1806640625"
"-0,214024215698242";"-0,29836012981832";"0,2802734375"
"-0,207865509033203";"-0,396124785766006";"0,3798828125"
"-0,205534469604492";"-0,49793062498793";"0,4794921875"
"-0,202424377441406";"-0,596986094024032";"0,5791015625"
"-0,202439422607422";"-0,697238487191498";"0,6787109375"
"-0,20043962097168";"-0,795148080214858";"0,7783203125"
"-0,199392883300781";"-0,896919285878539";"0,8779296875"
"-0,190896667480469";"-0,994697795249522";"0,9775390625"
"-0,19821435546875";"-1,09522847924381";"1,0771484375"
"-0,196867950439453";"-1,19256088510156";"1,1767578125"
"-0,201752456665039";"-1,29559764172882";"1,2763671875"
"-0,196989334106445";"-1,39370909892023";"1,3759765625"
"-0,19334309387207";"-1,49389973375946";"1,4755859375"
"-0,197941101074219";"-1,5939703444019";"1,5751953125"
"-0,194257171630859";"-1,69293489307165";"1,6748046875"
"-0,19586100769043";"-1,79302704054862";"1,7744140625"
"-0,191034194946289";"-1,8924594623968";"1,8740234375"
"-0,191486694335938";"-1,99233344756067";"1,9736328125"
"-0,193787063598633";"-2,09194398485124";"2,0732421875"
"-0,196291885375977";"-2,19228840433061";"2,1728515625"
"-0,191342056274414";"-2,29108775965869";"2,2724609375"
"-0,188562423706055";"-2,39047757349908";"2,3720703125"
"-0,189415924072266";"-2,49089952558279";"2,4716796875"
"-0,189894409179688";"-2,59088887833059";"2,5712890625"
"-0,189095474243164";"-2,69007054157555";"2,6708984375"
"-0,191694473266602";"-2,78979376889765";"2,7705078125"
"-0,189687728881836";"-2,88889394141734";"2,8701171875"
"-0,188820816040039";"-2,98832939006388";"2,9697265625"
"-0,189107086181641";"-3,0883508734405";"3,0693359375"
"-0,187911392211914";"-3,1874580308795";"3,1689453125"
"-0,192971405029297";"-3,28803900629282";"3,2685546875"
"-0,187445617675781";"-3,38729796931148";"3,3681640625"
"-0,1949853515625";"-3,48724843934178";"3,4677734375"
"-0,189384140014648";"-3,58636560849845";"3,5673828125"
"-0,195160232543945";"-3,68597474880517";"3,6669921875"
"-0,189644073486328";"-3,78567771986127";"3,7666015625"
"-0,193245864868164";"-3,88691271655262";"3,8662109375"
"-0,192730545043945";"-3,9849984459579";"3,9658203125"
"-0,192735488891602";"-4,08522272482514";"4,0654296875"
"-0,192561813354492";"-4,18527610599995";"4,1650390625"
"-0,194012298583984";"-4,28594602271914";"4,2646484375"
"-0,187771743774414";"-4,38432535156608";"4,3642578125"
"-0,19314192199707";"-4,48480527848005";"4,4638671875"
"-0,191817428588867";"-4,5829345472157";"4,5634765625"
"-0,194342727661133";"-4,68402542173862";"4,6630859375"
"-0,190245391845703";"-4,78211604058743";"4,7626953125"
"-0,190404281616211";"-4,88238735124469";"4,8623046875"
"-0,188618011474609";"-4,9802795983851";"4,9619140625"
"-0,193222640991211";"-5,08041866123676";"5,0615234375"
"-0,192042266845703";"-5,18190208822489";"5,1611328125"
"-0,189376098632813";"-5,28014218434691";"5,2607421875"
"-0,187401168823242";"-5,37904212251306";"5,3603515625"
"-0,193711196899414";"-5,47948013991117";"5,4599609375"
"-0,188885925292969";"-5,57848205789924";"5,5595703125"
"-0,190461898803711";"-5,67706301808357";"5,6591796875"
"-0,192624404907227";"-5,77839696779847";"5,7587890625"
"-0,189055435180664";"-5,87873067706823";"5,8583984375"
"-0,1907216796875";"-5,97779871895909";"5,9580078125"
"-0,194432861328125";"-6,07733568176627";"6,0576171875"
"-0,191740997314453";"-6,17661466822028";"6,1572265625"
"-0,192185974121094";"-6,27718959003687";"6,2568359375"
"-0,197700439453125";"-6,37779245153069";"6,3564453125"
"-0,191486740112305";"-6,47482695057988";"6,4560546875"
"-0,190905364990234";"-6,57548196613789";"6,5556640625"
"-0,189551895141602";"-6,67500076815486";"6,6552734375"
"-0,194967514038086";"-6,77429512143135";"6,7548828125"
"-0,19065559387207";"-6,87339017167687";"6,8544921875"
"-0,189280883789062";"-6,97431713342667";"6,9541015625"
"-0,194851928710938";"-7,0730522274971";"7,0537109375"
"-0,194335845947266";"-7,17216730117798";"7,1533203125"
"-0,190834991455078";"-7,27085024118423";"7,2529296875"
"-0,190816192626953";"-7,37052457407117";"7,3525390625"
"-0,190782318115234";"-7,47182592749596";"7,4521484375"
"-0,191895294189453";"-7,57147464901209";"7,5517578125"
"-0,191819595336914";"-7,67178926616907";"7,6513671875"
"-0,194459884643555";"-7,77175230905414";"7,7509765625"
"-0,189708023071289";"-7,87067320197821";"7,8505859375"
"-0,192384643554688";"-7,96909164637327";"7,9501953125"
"-0,191859573364258";"-8,06863885372877";"8,0498046875"
"-0,195412902832031";"-8,16883519291878";"8,1494140625"
"-0,194385528564453";"-8,26900545507669";"8,2490234375"
"-0,193904602050781";"-8,36872961372137";"8,3486328125"
"-0,195184463500977";"-8,46798717975616";"8,4482421875"
"-0,195541351318359";"-8,56837816536427";"8,5478515625"
"-0,196292770385742";"-8,6681405082345";"8,6474609375"
"-0,192421340942383";"-8,7656993418932";"8,7470703125"
"-0,19185237121582";"-8,86503234505653";"8,8466796875"
"-0,198921859741211";"-8,96709505468607";"8,9462890625"
"-0,19584733581543";"-9,0654855594039";"9,0458984375"
"-0,193806655883789";"-9,16467700153589";"9,1455078125"
"-0,19144270324707";"-9,26417298614979";"9,2451171875"
"-0,192935165405273";"-9,36380680650473";"9,3447265625"
"-0,1925244140625";"-9,46375820785761";"9,4443359375"
"-0,196944442749023";"-9,56368912011385";"9,5439453125"
"-0,194576354980469";"-9,66309383511543";"9,6435546875"
"-0,196360641479492";"-9,76284872740507";"9,7431640625"
"-0,194849945068359";"-9,86224040389061";"9,8427734375"
"-0,198898834228516";"-9,96204651892185";"9,9423828125"
"-0,194595458984375";"-10,0618619471788";"10,0419921875"
"-0,192247451782227";"-10,1607050746679";"10,1416015625"
"-0,195391326904297";"-10,2610075846314";"10,2412109375"
"-0,194789794921875";"-10,3594344109297";"10,3408203125"
"-0,196779937744141";"-10,4606039822102";"10,4404296875"
"-0,196247665405273";"-10,5596613138914";"10,5400390625"
"-0,197541687011719";"-10,6617948040366";"10,6396484375"
"-0,194673614501953";"-10,7592167332768";"10,7392578125"
"-0,194456420898438";"-10,8600808307528";"10,8388671875"
"-0,198116607666016";"-10,9603768214583";"10,9384765625"
"-0,19256315612793";"-11,0597731545568";"11,0380859375"
"-0,196093887329102";"-11,1580230295658";"11,1376953125"
"-0,198983673095703";"-11,2597504630685";"11,2373046875"
"-0,200847015380859";"-11,3599924370646";"11,3369140625"
"-0,197698028564453";"-11,4559773355722";"11,4365234375"
"-0,196355285644531";"-11,5573965013027";"11,5361328125"
"-0,193534042358398";"-11,6557264700532";"11,6357421875"
"-0,193124114990234";"-11,7548611015081";"11,7353515625"
"-0,200668151855469";"-11,8568371981382";"11,8349609375"
"-0,197137069702148";"-11,9545944035053";"11,9345703125"
"-0,191486206054687";"-12,0527679100633";"12,0341796875"
"-0,197616073608398";"-12,1531737968326";"12,1337890625"
"-0,200728302001953";"-12,2544644400477";"12,2333984375"
"-0,19967985534668";"-12,3544577509165";"12,3330078125"
"-0,196962036132812";"-12,4524608254433";"12,4326171875"
"-0,201669937133789";"-12,5548848882318";"12,5322265625"
"-0,196694610595703";"-12,6537894830108";"12,6318359375"
"-0,194854965209961";"-12,7530107274652";"12,7314453125"
"-0,201405136108398";"-12,8533923998475";"12,8310546875"
"-0,197755218505859";"-12,9522243514657";"12,9306640625"
"-0,197380905151367";"-13,0512164905667";"13,0302734375"
"-0,196504287719727";"-13,1503427401185";"13,1298828125"
"-0,198949905395508";"-13,2510382682085";"13,2294921875"
"-0,199632797241211";"-13,3501589298248";"13,3291015625"
"-0,198138809204102";"-13,4501839056611";"13,4287109375"
"-0,19788883972168";"-13,5490857064724";"13,5283203125"
"-0,203723037719727";"-13,6497160419822";"13,6279296875"
"-0,202657760620117";"-13,7505456805229";"13,7275390625"
"-0,201694595336914";"-13,848764821887";"13,8271484375"
"-0,203058868408203";"-13,9486221596599";"13,9267578125"
"-0,198893524169922";"-14,0480846166611";"14,0263671875"
"-0,200236404418945";"-14,1475452110171";"14,1259765625"
"-0,199541152954102";"-14,2462244257331";"14,2255859375"
"-0,200636688232422";"-14,3461897969246";"14,3251953125"
"-0,20092610168457";"-14,4464587792754";"14,4248046875"
"-0,197739227294922";"-14,5462434738874";"14,5244140625"
"-0,200220947265625";"-14,6455997601151";"14,6240234375"
"-0,199948883056641";"-14,7447297349572";"14,7236328125"
"-0,200258224487305";"-14,8441912606359";"14,8232421875"
"-0,20519807434082";"-14,9451289325953";"14,9228515625"
"-0,203187347412109";"-15,0449927896261";"15,0224609375"
"-0,201539520263672";"-15,1423923671246";"15,1220703125"
"-0,202962432861328";"-15,243923291564";"15,2216796875"
"-0,20415544128418";"-15,3437126427889";"15,3212890625"
"-0,202228134155273";"-15,4421022161841";"15,4208984375"
"-0,204652328491211";"-15,5419465154409";"15,5205078125"
"-0,206145965576172";"-15,6422387808561";"15,6201171875"
"-0,203251129150391";"-15,7421119511127";"15,7197265625"
"-0,204021301269531";"-15,841955319047";"15,8193359375"
"-0,207200271606445";"-15,9419905394316";"15,9189453125"
"-0,206539901733398";"-16,0419102758169";"16,0185546875"
"-0,205133377075195";"-16,1416362971067";"16,1181640625"
"-0,200701766967773";"-16,2388738244772";"16,2177734375"
"-0,207090347290039";"-16,3396131247282";"16,3173828125"
"-0,206539367675781";"-16,4396818727255";"16,4169921875"
"-0,206568862915039";"-16,5384262800217";"16,5166015625"
"-0,208058288574219";"-16,6379809379578";"16,6162109375"
"-0,201849868774414";"-16,7376305907965";"16,7158203125"
"-0,203977294921875";"-16,83777756989";"16,8154296875"
"-0,207049331665039";"-16,9375538825989";"16,9150390625"
"-0,205752334594727";"-17,0358829200268";"17,0146484375"
"-0,203549041748047";"-17,1346999704838";"17,1142578125"
"-0,20129248046875";"-17,2353908419609";"17,2138671875"
"-0,200516906738281";"-17,3341203480959";"17,3134765625"
"-0,205215286254883";"-17,43452437222";"17,4130859375"
"-0,208497970581055";"-17,534863203764";"17,5126953125"
"-0,201052017211914";"-17,6332518458366";"17,6123046875"
"-0,203178939819336";"-17,7337061613798";"17,7119140625"
"-0,209813049316406";"-17,8337767720222";"17,8115234375"
"-0,20748779296875";"-17,9336071014404";"17,9111328125"
"-0,205838760375977";"-18,0318672209978";"18,0107421875"
"-0,207112731933594";"-18,1325171142817";"18,1103515625"
"-0,208562088012695";"-18,231600522995";"18,2099609375"
"-0,208256622314453";"-18,3318890631199";"18,3095703125"
"-0,207158508300781";"-18,4305813163519";"18,4091796875"
"-0,205993209838867";"-18,5315348207951";"18,5087890625"
"-0,203379241943359";"-18,6291690915823";"18,6083984375"
"-0,206467056274414";"-18,730765208602";"18,7080078125"
"-0,204656448364258";"-18,827585503459";"18,8076171875"
"-0,207119354248047";"-18,9290400594473";"18,9072265625"
"-0,205682998657227";"-19,0279260277748";"19,0068359375"
"-0,208746337890625";"-19,1278476268053";"19,1064453125"
"-0,207515243530273";"-19,2273892462254";"19,2060546875"
"-0,211780670166016";"-19,3274561315775";"19,3056640625"
"-0,204611145019531";"-19,4265693426132";"19,4052734375"
"-0,207579315185547";"-19,5262841880322";"19,5048828125"
"-0,209749755859375";"-19,6275915950537";"19,6044921875"
"-0,208551254272461";"-19,726013764739";"19,7041015625"
"-0,209905471801758";"-19,8264177888632";"19,8037109375"
"-0,207452331542969";"-19,9264753609896";"19,9033203125"
"-0,206499725341797";"-20,0251694768667";"20,0029296875"
"-0,210273559570313";"-20,1250407844782";"20,1025390625"
"-0,20982861328125";"-20,2241707593203";"20,2021484375"
"-0,207903060913086";"-20,3220527619123";"20,3017578125"
"-0,209027236938477";"-20,4247087240219";"20,4013671875"
"-0,207265640258789";"-20,5239895731211";"20,5009765625"
"-0,210189819335938";"-20,6235572695732";"20,6005859375"
"-0,203002914428711";"-20,7215491682291";"20,7001953125"
"-0,209410751342773";"-20,8214372396469";"20,7998046875"
"-0,210687484741211";"-20,9218766540289";"20,8994140625"
"-0,20708171081543";"-21,02155610919";"20,9990234375"
"-0,20478564453125";"-21,1211554706097";"21,0986328125"
"-0,209938430786133";"-21,2197452783585";"21,1982421875"
"-0,212320236206055";"-21,3205888867378";"21,2978515625"
"-0,212789657592773";"-21,4197095483541";"21,3974609375"
"-0,206971160888672";"-21,5200521051884";"21,4970703125"
"-0,209534881591797";"-21,6191336512566";"21,5966796875"
"-0,209018508911133";"-21,7192079871893";"21,6962890625"
"-0,212739410400391";"-21,8179170042276";"21,7958984375"
"-0,21326887512207";"-21,9182129949331";"21,8955078125"
"-0,208967102050781";"-22,0167096704245";"21,9951171875"
"-0,206088714599609";"-22,11594581604";"22,0947265625"
"-0,211070953369141";"-22,2164485603571";"22,1943359375"
"-0,208567825317383";"-22,3154351115227";"22,2939453125"
"-0,216041244506836";"-22,4169325083494";"22,3935546875"
"-0,204801086425781";"-22,514708340168";"22,4931640625"
"-0,213983871459961";"-22,6167049258947";"22,5927734375"
"-0,209215576171875";"-22,7142125368118";"22,6923828125"
"-0,214378662109375";"-22,8151138871908";"22,7919921875"
"-0,210800689697266";"-22,9131691157818";"22,8916015625"
"-0,215205520629883";"-23,014796897769";"22,9912109375"
"-0,211891464233398";"-23,114413022995";"23,0908203125"
"-0,207774673461914";"-23,2131071388721";"23,1904296875"
"-0,213738388061523";"-23,314880207181";"23,2900390625"
"-0,21190705871582";"-23,4139766544104";"23,3896484375"
"-0,209825927734375";"-23,5126093029976";"23,4892578125"
"-0,214432327270508";"-23,6131101846695";"23,5888671875"
"-0,208641586303711";"-23,7109884619713";"23,6884765625"
"-0,211951583862305";"-23,8109193742275";"23,7880859375"
"-0,212107635498047";"-23,9097755402327";"23,8876953125"
"-0,207261520385742";"-24,0097008645535";"23,9873046875"
"-0,211643844604492";"-24,1102185100317";"24,0869140625"
"-0,211281478881836";"-24,209663271904";"24,1865234375"
"-0,214705474853516";"-24,3101269006729";"24,2861328125"
"-0,208274459838867";"-24,4077332317829";"24,3857421875"
"-0,21209538269043";"-24,5072599500418";"24,4853515625"
"-0,212410568237305";"-24,6067214757204";"24,5849609375"
"-0,214460021972656";"-24,7068572789431";"24,6845703125"
"-0,216948089599609";"-24,8067118227482";"24,7841796875"
"-0,215717132568359";"-24,9071065336466";"24,8837890625"
"-0,210501403808594";"-25,006253272295";"24,9833984375"
"-0,215801330566406";"-25,1065101474524";"25,0830078125"
"-0,211701873779297";"-25,206109508872";"25,1826171875"
"-0,210151901245117";"-25,3051817417145";"25,2822265625"
"-0,212573257446289";"-25,4045650362968";"25,3818359375"
"-0,214324371337891";"-25,5043841898441";"25,4814453125"
"-0,21942854309082";"-25,6051979959011";"25,5810546875"
"-0,214838562011719";"-25,7038492709398";"25,6806640625"
"-0,214376571655273";"-25,8033405989408";"25,7802734375"
"-0,213159027099609";"-25,9024947881699";"25,8798828125"
"-0,210208923339844";"-26,0017458349466";"25,9794921875"
"-0,214291290283203";"-26,1006616055965";"26,0791015625"
"-0,211535171508789";"-26,2005496770144";"26,1787109375"
"-0,213467407226563";"-26,3009015470743";"26,2783203125"
"-0,214747009277344";"-26,4006089419127";"26,3779296875"
"-0,220074645996094";"-26,5009831637144";"26,4775390625"
"-0,213632431030273";"-26,6001913696527";"26,5771484375"
"-0,216449020385742";"-26,6998521983624";"26,6767578125"
"-0,218985595703125";"-26,800224557519";"26,7763671875"
"-0,215974899291992";"-26,8998593091965";"26,8759765625"
"-0,22014729309082";"-26,9999708980322";"26,9755859375"
"-0,214533477783203";"-27,0980317145586";"27,0751953125"
"-0,211415405273437";"-27,1976049989462";"27,1748046875"
"-0,21740071105957";"-27,298403903842";"27,2744140625"
"-0,219648803710938";"-27,3990910500288";"27,3740234375"
"-0,216765029907227";"-27,4977385997772";"27,4736328125"
"-0,216822845458984";"-27,5985058397055";"27,5732421875"
"-0,215917709350586";"-27,6960581541061";"27,6728515625"
"-0,219160049438477";"-27,7958624064922";"27,7724609375"
"-0,220130599975586";"-27,8976783156395";"27,8720703125"
"-0,218781356811523";"-27,9949866235256";"27,9716796875"
"-0,218041091918945";"-28,0956979840994";"28,0712890625"
"-0,214040878295898";"-28,1943548470736";"28,1708984375"
"-0,219169586181641";"-28,2935667783022";"28,2705078125"
"-0,218556106567383";"-28,3941011875868";"28,3701171875"
"-0,220579330444336";"-28,4945070743561";"28,4697265625"
"-0,219054641723633";"-28,5934079438448";"28,5693359375"
"-0,215854125976563";"-28,6933090537786";"28,6689453125"
"-0,219672698974609";"-28,7925414741039";"28,7685546875"
"-0,220286331176758";"-28,8921315222979";"28,8681640625"
"-0,217162216186523";"-28,9910398423672";"28,9677734375"
"-0,212302810668945";"-29,090654104948";"29,0673828125"
"-0,224015930175781";"-29,189970344305";"29,1669921875"
"-0,22443473815918";"-29,2913448065519";"29,2666015625"
"-0,221852661132813";"-29,390225186944";"29,3662109375"
"-0,22282453918457";"-29,4904019683599";"29,4658203125"
"-0,214242004394531";"-29,5887440443039";"29,5654296875"
"-0,221619232177734";"-29,6885818243027";"29,6650390625"
"-0,220031295776367";"-29,788525775075";"29,7646484375"
"-0,225915878295898";"-29,8897698521614";"29,8642578125"
"-0,218332336425781";"-29,9876108765602";"29,9638671875"
"-0,219729843139648";"-30,0873871892691";"30,0634765625"
"-0,221361587524414";"-30,1877669990063";"30,1630859375"
"-0,21972380065918";"-30,2878674119711";"30,2626953125"
"-0,219532424926758";"-30,3858444094658";"30,3623046875"
"-0,218460556030273";"-30,4863899946213";"30,4619140625"
"-0,221787994384766";"-30,5854491889477";"30,5615234375"
"-0,221567428588867";"-30,684869736433";"30,6611328125"
"-0,225996368408203";"-30,7845715433359";"30,7607421875"
"-0,223412841796875";"-30,8849383145571";"30,8603515625"
"-0,221200210571289";"-30,9832040220499";"30,9599609375"
"-0,223306442260742";"-31,0838222503662";"31,0595703125"
"-0,21765608215332";"-31,1819557100534";"31,1591796875"
"-0,222936279296875";"-31,2830321490765";"31,2587890625"
"-0,225086395263672";"-31,3816890120506";"31,3583984375"
"-0,225340393066406";"-31,4820967614651";"31,4580078125"
"-0,223588317871094";"-31,5819270908833";"31,5576171875"
"-0,220710784912109";"-31,6810496151447";"31,6572265625"
"-0,219106552124023";"-31,7800380289555";"31,7568359375"
"-0,224608337402344";"-31,8805389106274";"31,8564453125"
"-0,222082855224609";"-31,9794453680515";"31,9560546875"
"-0,225470886230469";"-32,0797897875309";"32,0556640625"
"-0,226506866455078";"-32,1807973086834";"32,1552734375"
"-0,222191482543945";"-32,2800651192665";"32,2548828125"
"-0,221084274291992";"-32,3782600462437";"32,3544921875"
"-0,224766403198242";"-32,4784852564335";"32,4541015625"
"-0,227603286743164";"-32,5786061584949";"32,5537109375"
"-0,222875747680664";"-32,6787903904915";"32,6533203125"
"-0,23185693359375";"-32,7795334160328";"32,7529296875"
"-0,220836181640625";"-32,8753814101219";"32,8525390625"
"-0,231426483154297";"-32,977394759655";"32,9521484375"
"-0,230446762084961";"-33,0781079828739";"33,0517578125"
"-0,226781097412109";"-33,1765227019787";"33,1513671875"
"-0,216403381347656";"-33,2747772336006";"33,2509765625"
"-0,223072647094727";"-33,375084400177";"33,3505859375"
"-0,231417388916016";"-33,4749594330788";"33,4501953125"
"-0,227861846923828";"-33,5738249123096";"33,5498046875"
"-0,226617431640625";"-33,675130456686";"33,6494140625"
"-0,228038879394531";"-33,7741412222385";"33,7490234375"
"-0,231600921630859";"-33,874437212944";"33,8486328125"
"-0,227379135131836";"-33,9735336601734";"33,9482421875"
"-0,230868576049805";"-34,0736992657185";"34,0478515625"
"-0,230413375854492";"-34,1723263263702";"34,1474609375"
"-0,233900100708008";"-34,2709459364414";"34,2470703125"
"-0,228701797485352";"-34,371692687273";"34,3466796875"
"-0,229289688110352";"-34,4712845981121";"34,4462890625"
"-0,227432434082031";"-34,5699675381184";"34,5458984375"
"-0,233514129638672";"-34,6708782017231";"34,6455078125"
"-0,230246704101563";"-34,7701162099838";"34,7451171875"
"-0,228875946044922";"-34,8705872893333";"34,8447265625"
"-0,230763931274414";"-34,9690429866314";"34,9443359375"
"-0,0122029523849487";"-34,9499993026257";"35,0439453125"
"-0,00599091863632202";"-34,8463766276836";"35,1435546875"
"-0,0063770637512207";"-34,7468256950378";"35,2431640625"
"-0,006016921043396";"-34,6468798816204";"35,3427734375"
"-0,00656906509399414";"-34,5473922789097";"35,4423828125"
"-0,00659713506698608";"-34,4475470483303";"35,5419921875"
"-0,00533372163772583";"-34,3471430242062";"35,6416015625"
"-0,00548120594024658";"-34,2484004795551";"35,7412109375"
"-0,00403862428665161";"-34,1466926038265";"35,8408203125"
"-0,00516211605072021";"-34,0468846261501";"35,9404296875"
"-0,00567290925979614";"-33,9466780424118";"36,0400390625"
"-0,00554742288589478";"-33,8470563292503";"36,1396484375"
"-0,00662326812744141";"-33,747810870409";"36,2392578125"
"-0,00631632280349731";"-33,6484387516975";"36,3388671875"
"-0,00417549180984497";"-33,5472300648689";"36,4384765625"
"-0,00612026071548462";"-33,4487520158291";"36,5380859375"
"-0,00563254594802856";"-33,3505384624004";"36,6376953125"
"-0,00511139631271362";"-33,2494042813778";"36,7373046875"
"-0,00644303846359253";"-33,1502147018909";"36,8369140625"
"-0,0060187840461731";"-33,052109181881";"36,9365234375"
"-0,00518415117263794";"-32,9511910676956";"37,0361328125"
"-0,00409547233581543";"-32,8508019447327";"37,1357421875"
"-0,00673653554916382";"-32,7514372766018";"37,2353515625"
"-0,00574227428436279";"-32,6518528163433";"37,3349609375"
"-0,00505944728851318";"-32,5509384274483";"37,4345703125"
"-0,00415520763397217";"-32,4522443115711";"37,5341796875"
"-0,0044719877243042";"-32,3526710271835";"37,6337890625"
"-0,00537557506561279";"-32,25177526474";"37,7333984375"
"-0,00360276556015015";"-32,1530662477016";"37,8330078125"
"-0,00600440406799316";"-32,0546440780163";"37,9326171875"
"-0,00608975076675415";"-31,9541245698929";"38,0322265625"
"-0,00503975915908813";"-31,8541452288628";"38,1318359375"
"-0,00498361873626709";"-31,7543372511864";"38,2314453125"
"-0,00607458877563477";"-31,6559299826622";"38,3310546875"
"-0,00570826244354248";"-31,5546430647373";"38,4306640625"
"-0,0050515308380127";"-31,4551219344139";"38,5302734375"
"-0,00524241495132446";"-31,35646879673";"38,6298828125"
"-0,00567264842987061";"-31,2583036720753";"38,7294921875"
"-0,00552989530563355";"-31,1579015105963";"38,8291015625"
"-0,00476192665100098";"-31,0590378940105";"38,9287109375"
"-0,00469975185394287";"-30,9587549418211";"39,0283203125"
"-0,00454440689086914";"-30,857877805829";"39,1279296875"
"-0,00604540109634399";"-30,7592917233706";"39,2275390625"
"-0,0059402174949646";"-30,6593049317598";"39,3271484375"
"-0,00615745782852173";"-30,5616278201342";"39,4267578125"
"-0,00633532190322876";"-30,461523681879";"39,5263671875"
"-0,00675175333023071";"-30,3602479398251";"39,6259765625"
"-0,00465070819854736";"-30,261667445302";"39,7255859375"
"-0,00449888420104981";"-30,1622617989779";"39,8251953125"
"-0,00456854724884033";"-30,06093762815";"39,9248046875"
"-0,00281577920913696";"-29,9623217433691";"40,0244140625"
"-0,0034822895526886";"-29,8610888421535";"40,1240234375"
"-0,00471642255783081";"-29,7623425722122";"40,2236328125"
"-0,00576995325088501";"-29,6636391431093";"40,3232421875"
"-0,00463584423065186";"-29,5626595616341";"40,4228515625"
"-0,00436430788040161";"-29,4660944491625";"40,5224609375"
"-0,00389436268806458";"-29,3633677065372";"40,6220703125"
"-0,00419458389282227";"-29,2642917484045";"40,7216796875"
"-0,00296369194984436";"-29,1653741151094";"40,8212890625"
"-0,00488713359832764";"-29,0663260966539";"40,9208984375"
"-0,0042321720123291";"-28,9667099714279";"41,0205078125"
"-0,00260086727142334";"-28,867082670331";"41,1201171875"
"-0,00283300876617432";"-28,7656951695681";"41,2197265625"
"-0,00391442322731018";"-28,6658499389887";"41,3193359375"
"-0,00470664358139038";"-28,5672154277563";"41,4189453125"
"-0,0027424840927124";"-28,4671261906624";"41,5185546875"
"-0,0038385763168335";"-28,3677000552416";"41,6181640625"
"-0,00334253525733948";"-28,2690804451704";"41,7177734375"
"-0,00262511897087097";"-28,1673297286034";"41,8173828125"
"-0,00299330806732178";"-28,0673261731863";"41,9169921875"
"-0,00379884624481201";"-27,9683601111174";"42,0166015625"
"-0,00311866402626038";"-27,8694108128548";"42,1162109375"
"-0,00333899641036987";"-27,7710407972336";"42,2158203125"
"-0,00342423105239868";"-27,66945771873";"42,3154296875"
"-0,003340411901474";"-27,5717042386532";"42,4150390625"
"-0,00342717385292053";"-27,470838278532";"42,5146484375"
"-0,00282222414016724";"-27,3717157542706";"42,6142578125"
"-0,0035733916759491";"-27,2719506174326";"42,7138671875"
"-0,00329833483695984";"-27,1728355437517";"42,8134765625"
"-0,00367602324485779";"-27,073573321104";"42,9130859375"
"-0,00256976103782654";"-26,9728321582079";"43,0126953125"
"-0,00232420873641968";"-26,8739089369774";"43,1123046875"
"-0,00415097904205322";"-26,7735067754984";"43,2119140625"
"-0,00192893671989441";"-26,6728829592466";"43,3115234375"
"-0,00307606530189514";"-26,5740677714348";"43,4111328125"
"-0,00262409448623657";"-26,4747589826584";"43,5107421875"
"-0,00302180647850037";"-26,3736695051193";"43,6103515625"
"-0,00283626842498779";"-26,2744165956974";"43,7099609375"
"-0,0027747266292572";"-26,1747147887945";"43,8095703125"
"-0,00403994703292847";"-26,0772667825222";"43,9091796875"
"-0,00217322254180908";"-25,9765684604645";"44,0087890625"
"-0,00227073216438293";"-25,878207758069";"44,1083984375"
"-0,00221377229690552";"-25,7773958146572";"44,2080078125"
"-0,00343298530578613";"-25,6789531558752";"44,3076171875"
"-0,0010682270526886";"-25,5792085081339";"44,4072265625"
"-0,00154633069038391";"-25,4780929535627";"44,5068359375"
"-0,00173632049560547";"-25,3785569220781";"44,6064453125"
"-0,00247219586372375";"-25,2791792154312";"44,7060546875"
"-0,00121569263935089";"-25,1795779913664";"44,8056640625"
"-0,00149270522594452";"-25,0799786299467";"44,9052734375"
"-0,0017134473323822";"-24,9795336276293";"45,0048828125"
"-0,00167576599121094";"-24,8811505734921";"45,1044921875"
"-0,002120845079422";"-24,7804187238216";"45,2041015625"
"-0,00173520302772522";"-24,6815625578165";"45,3037109375"
"-0,00160429620742798";"-24,5818607509136";"45,4033203125"
"-0,000935941934585571";"-24,4826693087816";"45,5029296875"
"-0,00226359820365906";"-24,3836399167776";"45,6025390625"
"-0,000263303518295288";"-24,2834892123938";"45,7021484375"
"-0,00117903578281403";"-24,1828877478838";"45,8017578125"
"-0,000842399895191193";"-24,0825302898884";"45,9013671875"
"-0,000880453705787659";"-23,9841155707836";"46,0009765625"
"-0,000297147780656815";"-23,8842666149139";"46,1005859375"
"-0,0010073744058609";"-23,7864516675472";"46,2001953125"
"-0,000835713028907776";"-23,6864537000656";"46,2998046875"
"-0,000130292028188705";"-23,5874112695456";"46,3994140625"
"-0,000588912487030029";"-23,4867054969072";"46,4990234375"
"-0,000255163758993149";"-23,3864542096853";"46,5986328125"
"0,00346519041061401";"-23,287009447813";"46,6982421875"
"0,0010432116985321";"-23,1872107833624";"46,7978515625"
"0,000517759442329407";"-23,0873860418797";"46,8974609375"
"0,00131657350063324";"-22,9903440922499";"46,9970703125"
"0,000712126493453979";"-22,8891186416149";"47,0966796875"
"-0,000485926866531372";"-22,7897483855486";"47,1962890625"
"-0,00020492821931839";"-22,6908884942532";"47,2958984375"
"0,000295788049697876";"-22,590572014451";"47,3955078125"
"-0,00140801072120667";"-22,4911160767078";"47,4951171875"
"0,00191535806655884";"-22,3905351012945";"47,5947265625"
"0,00151816749572754";"-22,2901832312346";"47,6943359375"
"0,000402852892875671";"-22,191533818841";"47,7939453125"
"0,000457186251878738";"-22,0925584435463";"47,8935546875"
"0,00234682106971741";"-21,9924878329039";"47,9931640625"
"0,00111905860900879";"-21,8930300325155";"48,0927734375"
"0,000947564840316772";"-21,7934176325798";"48,1923828125"
"0,00124461948871613";"-21,6945111751556";"48,2919921875"
"-0,000647939741611481";"-21,5947013348341";"48,3916015625"
"0,000973865389823914";"-21,4950870722532";"48,4912109375"
"0,00121783471107483";"-21,39394544065";"48,5908203125"
"0,000719446659088135";"-21,294305101037";"48,6904296875"
"0,00109767544269562";"-21,1929548531771";"48,7900390625"
"0,00231409454345703";"-21,0946314036846";"48,8896484375"
"0,00239947819709778";"-20,9938604384661";"48,9892578125"
"0,000923667073249817";"-20,8944585174322";"49,0888671875"
"0,000969134271144867";"-20,7967832684517";"49,1884765625"
"0,00268490982055664";"-20,6961613148451";"49,2880859375"
"0,00167429447174072";"-20,5971449613571";"49,3876953125"
"0,00232784080505371";"-20,4975605010986";"49,4873046875"
"0,0024355947971344";"-20,3978400677443";"49,5869140625"
"0,00184224915504456";"-20,2992502599955";"49,6865234375"
"0,00134967267513275";"-20,1989859342575";"49,7861328125"
"0,000684428930282593";"-20,0991276651621";"49,8857421875"
"0,00308973717689514";"-20,0014282017946";"49,9853515625"
"0,00212069606781006";"-19,9004858732224";"50,0849609375"
"0,00291410827636719";"-19,802413880825";"50,1845703125"
"0,00279707837104797";"-19,7018403559923";"50,2841796875"
"0,00316118812561035";"-19,6013748645782";"50,3837890625"
"0,00276306653022766";"-19,5028241723776";"50,4833984375"
"0,00277580690383911";"-19,4009765982628";"50,5830078125"
"0,00182734799385071";"-19,3011444061995";"50,6826171875"
"0,00281739974021912";"-19,2011296749115";"50,7822265625"
"0,00338118529319763";"-19,1021990031004";"50,8818359375"
"0,00285379600524902";"-19,0039109438658";"50,9814453125"
"0,00373806810379028";"-18,9056675881147";"51,0810546875"
"0,00363059329986572";"-18,8042148947716";"51,1806640625"
"0,00323601055145264";"-18,7030993402004";"51,2802734375"
"0,00447474431991577";"-18,6056680977345";"51,3798828125"
"0,00279540205001831";"-18,5064021497965";"51,4794921875"
"0,00369351363182068";"-18,4051170945168";"51,5791015625"
"0,00327302145957947";"-18,3070953935385";"51,6787109375"
"0,00310840082168579";"-18,2079523801804";"51,7783203125"
"0,00167727470397949";"-18,1077960878611";"51,8779296875"
"0,00329650926589966";"-18,0092807859182";"51,9775390625"
"0,00366101050376892";"-17,9074443876743";"52,0771484375"
"0,00413307905197144";"-17,808822914958";"52,1767578125"
"0,00473659467697144";"-17,709044739604";"52,2763671875"
"0,00533455991744995";"-17,6077373325825";"52,3759765625"
"0,00507870674133301";"-17,5092089921236";"52,4755859375"
"0,00316802406311035";"-17,410185188055";"52,5751953125"
"0,00399462890625";"-17,3101350665092";"52,6748046875"
"0,00337382769584656";"-17,2111112624407";"52,7744140625"
"0,00404322528839111";"-17,112398520112";"52,8740234375"
"0,00448657178878784";"-17,0116703957319";"52,9736328125"
"0,00301007175445557";"-16,9115476310253";"53,0732421875"
"0,00431677341461182";"-16,8107692152262";"53,1728515625"
"0,00427836561203003";"-16,7126078158617";"53,2724609375"
"0,00458447265625";"-16,611909493804";"53,3720703125"
"0,00628087663650513";"-16,5125634521246";"53,4716796875"
"0,0050914101600647";"-16,4131764322519";"53,5712890625"
"0,00608896827697754";"-16,3150299340487";"53,6708984375"
"0,0040923433303833";"-16,2137560546398";"53,7705078125"
"0,00451719379425049";"-16,1142777651548";"53,8701171875"
"0,0052023491859436";"-16,0154215991497";"53,9697265625"
"0,006760582447052";"-15,9132536500692";"54,0693359375"
"0,00563135385513306";"-15,8150661736727";"54,1689453125"
"0,00581163930892944";"-15,7148595899343";"54,2685546875"
"0,00545827674865723";"-15,6165501102805";"54,3681640625"
"0,0059445013999939";"-15,5170317739248";"54,4677734375"
"0,00573564338684082";"-15,4181569814682";"54,5673828125"
"0,00597309303283691";"-15,3183424845338";"54,6669921875"
"0,00617191219329834";"-15,2176655828953";"54,7666015625"
"0,00619359302520752";"-15,1189947500825";"54,8662109375"
"0,00631561517715454";"-15,0201302021742";"54,9658203125"
"0,00812705612182617";"-14,9192130193114";"55,0654296875"
"0,00626876926422119";"-14,8193025961518";"55,1650390625"
"0,00642227029800415";"-14,7188594564795";"55,2646484375"
"0,00700367593765259";"-14,6192144602537";"55,3642578125"
"0,00615650796890259";"-14,5210865885019";"55,4638671875"
"0,00594677400588989";"-14,4213801249862";"55,5634765625"
"0,00676179313659668";"-14,3205784261227";"55,6630859375"
"0,0055179557800293";"-14,219393953681";"55,7626953125"
"0,00882810020446777";"-14,1198141500354";"55,8623046875"
"0,00715611505508423";"-14,021122828126";"55,9619140625"
"0,0061042046546936";"-13,9241302385926";"56,0615234375"
"0,00688897466659546";"-13,8233006000519";"56,1611328125"
"0,00914085674285889";"-13,7231517583132";"56,2607421875"
"0,00642688941955566";"-13,622940517962";"56,3603515625"
"0,00852653789520264";"-13,5235795751214";"56,4599609375"
"0,0082062931060791";"-13,4247252717614";"56,5595703125"
"0,00692546367645264";"-13,3259575814009";"56,6591796875"
"0,00785835075378418";"-13,2248280569911";"56,7587890625"
"0,00904269504547119";"-13,1249651312828";"56,8583984375"
"0,00736255216598511";"-13,0252605304122";"56,9580078125"
"0,00793086385726929";"-12,9251228645444";"57,0576171875"
"0,00791318702697754";"-12,8267537802458";"57,1572265625"
"0,00756522655487061";"-12,7253830432892";"57,2568359375"
"0,00860987186431885";"-12,6260267570615";"57,3564453125"
"0,00841105365753174";"-12,5281056389213";"57,4560546875"
"0,00895088577270508";"-12,4287251383066";"57,5556640625"
"0,00825867080688477";"-12,3286405578256";"57,6552734375"
"0,00845488166809082";"-12,2286984696984";"57,7548828125"
"0,00812007141113281";"-12,128759175539";"57,8544921875"
"0,00789893770217896";"-12,0292492210865";"57,9541015625"
"0,0084444694519043";"-11,9296191260219";"58,0537109375"
"0,0100766868591309";"-11,8306567892432";"58,1533203125"
"0,00748584032058716";"-11,7298131808639";"58,2529296875"
"0,00965522575378418";"-11,6304811090231";"58,3525390625"
"0,00783000135421753";"-11,5320952609181";"58,4521484375"
"0,00795658683776855";"-11,4317880943418";"58,5517578125"
"0,00826809597015381";"-11,3319810479879";"58,6513671875"
"0,00777998924255371";"-11,232796125114";"58,7509765625"
"0,00757904720306397";"-11,1350603401661";"58,8505859375"
"0,00871568870544434";"-11,0342456027865";"58,9501953125"
"0,00816425323486328";"-10,934067890048";"59,0498046875"
"0,00920977401733399";"-10,8347022905946";"59,1494140625"
"0,00914093112945557";"-10,7345059514046";"59,2490234375"
"0,00843858337402344";"-10,6331566348672";"59,3486328125"
"0,00887101554870605";"-10,5350222438574";"59,4482421875"
"0,00898364925384522";"-10,4344775900245";"59,5478515625"
"0,00988855934143066";"-10,335098952055";"59,6474609375"
"0,00884154796600342";"-10,2356737479568";"59,7470703125"
"0,0089569206237793";"-10,1376073434949";"59,8466796875"
"0,00991428279876709";"-10,0360075011849";"59,9462890625"
"0,00910341739654541";"-9,93587728589773";"60,0458984375"
"0,00963663673400879";"-9,83785465359688";"60,1455078125"
"0,00818967819213867";"-9,73730534315109";"60,2451171875"
"0,010435133934021";"-9,63686127215624";"60,3447265625"
"0,0100418367385864";"-9,53885447233915";"60,4443359375"
"0,0110071334838867";"-9,43910796195269";"60,5439453125"
"0,0101000261306763";"-9,3398867174983";"60,6435546875"
"0,00948116207122803";"-9,2397928237915";"60,7431640625"
"0,0105834007263184";"-9,13954060524702";"60,8427734375"
"0,0113511829376221";"-9,04103741049767";"60,9423828125"
"0,0111108083724976";"-8,94038658589125";"61,0419921875"
"0,01000905418396";"-8,84202774614096";"61,1416015625"
"0,0109888610839844";"-8,74137692153454";"61,2412109375"
"0,0117144174575806";"-8,6416183039546";"61,3408203125"
"0,0108444128036499";"-8,54246318340302";"61,4404296875"
"0,0123529691696167";"-8,44171643257141";"61,5400390625"
"0,011735818862915";"-8,34260601550341";"61,6396484375"
"0,0114999895095825";"-8,24490562081337";"61,7392578125"
"0,0115053358078003";"-8,14302731305361";"61,8388671875"
"0,0118826513290405";"-8,04504938423634";"61,9384765625"
"0,0123315114974976";"-7,94307328760624";"62,0380859375"
"0,0110144538879395";"-7,84438569098711";"62,1376953125"
"0,0105342826843262";"-7,74382008239627";"62,2373046875"
"0,0112547168731689";"-7,64460116624832";"62,3369140625"
"0,0112446956634521";"-7,5454437173903";"62,4365234375"
"0,0121300849914551";"-7,44424015283585";"62,5361328125"
"0,0118749771118164";"-7,34521495178342";"62,6357421875"
"0,0115644187927246";"-7,24570453166962";"62,7353515625"
"0,0114641714096069";"-7,14499643072486";"62,8349609375"
"0,012369044303894";"-7,0461081340909";"62,9345703125"
"0,0111747350692749";"-6,94706384092569";"63,0341796875"
"0,0118064136505127";"-6,84826076030731";"63,1337890625"
"0,0121658296585083";"-6,74746697768569";"63,2333984375"
"0,0117064638137817";"-6,64986064657569";"63,3330078125"
"0,0110894813537598";"-6,5506543032825";"63,4326171875"
"0,0122037906646729";"-6,44939299672842";"63,5322265625"
"0,0144258327484131";"-6,34927861392498";"63,6318359375"
"0,0112465400695801";"-6,25077309086919";"63,7314453125"
"0,0115375595092773";"-6,15117372944951";"63,8310546875"
"0,0127414798736572";"-6,0492972843349";"63,9306640625"
"0,0129214487075806";"-5,95139898359776";"64,0302734375"
"0,0113152523040771";"-5,85173023864627";"64,1298828125"
"0,0114073600769043";"-5,75237115845084";"64,2294921875"
"0,0132440404891968";"-5,65306609496474";"64,3291015625"
"0,0123929786682129";"-5,55284880101681";"64,4287109375"
"0,0132028017044067";"-5,45391626656055";"64,5283203125"
"0,0125087051391602";"-5,35391271114349";"64,6279296875"
"0,0128056669235229";"-5,25475014001131";"64,7275390625"
"0,013356879234314";"-5,15257054939866";"64,8271484375"
"0,0126414928436279";"-5,05467504262924";"64,9267578125"
"0,0133713703155518";"-4,9553127028048";"65,0263671875"
"0,0130047464370728";"-4,85593872144818";"65,1259765625"
"0,0125829877853394";"-4,7550848685205";"65,2255859375"
"0,0158010425567627";"-4,65689972043037";"65,3251953125"
"0,0131977167129517";"-4,55861492082477";"65,4248046875"
"0,0137880258560181";"-4,45730146020651";"65,5244140625"
"0,0126916170120239";"-4,35825530439615";"65,6240234375"
"0,0129545850753784";"-4,25839796662331";"65,7236328125"
"0,0144040021896362";"-4,15850151330233";"65,8232421875"
"0,013744309425354";"-4,06096875667572";"65,9228515625"
"0,0143539533615112";"-3,95955704152584";"66,0224609375"
"0,0119884309768677";"-3,85969830676913";"66,1220703125"
"0,012792088508606";"-3,76152829267085";"66,2216796875"
"0,0131013803482056";"-3,66200064308941";"66,3212890625"
"0,0135438327789307";"-3,56152630411088";"66,4208984375"
"0,0133970565795898";"-3,46003100275993";"66,5205078125"
"0,0151136512756348";"-3,36096808314323";"66,6201171875"
"0,0145579500198364";"-3,26167116872966";"66,7197265625"
"0,0147746686935425";"-3,1637866050005";"66,8193359375"
"0,0136614961624146";"-3,06426337920129";"66,9189453125"
"0,0144647064208984";"-2,9631347861141";"67,0185546875"
"0,0154060497283936";"-2,86432029679418";"67,1181640625"
"0,0153960285186768";"-2,76454770937562";"67,2177734375"
"0,0161966114044189";"-2,66366498544812";"67,3173828125"
"0,0150091943740845";"-2,56510102190077";"67,4169921875"
"0,0164468765258789";"-2,46586767025292";"67,5166015625"
"0,0158923492431641";"-2,36678286455572";"67,6162109375"
"0,0161327228546143";"-2,26605054922402";"67,7158203125"
"0,0173860034942627";"-2,16688797809184";"67,8154296875"
"0,0168987369537354";"-2,06516147591174";"67,9150390625"
"0,0165014896392822";"-1,96801358833909";"68,0146484375"
"0,0164987144470215";"-1,86780863441527";"68,1142578125"
"0,0171258106231689";"-1,76930625457317";"68,2138671875"
"0,0164812622070312";"-1,66855461429805";"68,3134765625"
"0,0164478092193604";"-1,56950182281435";"68,4130859375"
"0,0162033920288086";"-1,46928476169705";"68,5126953125"
"0,017101541519165";"-1,36986351571977";"68,6123046875"
"0,0167092113494873";"-1,26962305512279";"68,7119140625"
"0,0177521266937256";"-1,16998760495335";"68,8115234375"
"0,0161425952911377";"-1,07078196015209";"68,9111328125"
"0,0168676300048828";"-0,972393667325377";"69,0107421875"
"0,0176828174591064";"-0,872779404744506";"69,1103515625"
"0,01799147605896";"-0,773891573771834";"69,2099609375"
"0,0181891212463379";"-0,674010603688657";"69,3095703125"
"0,0175445518493652";"-0,574534351471812";"69,4091796875"
"0,0202381610870361";"-0,474975036922842";"69,5087890625"
"0,0176674880981445";"-0,37348474143073";"69,6083984375"
"0,016376636505127";"-0,275680737104267";"69,7080078125"
"0,0185574588775635";"-0,177000430994667";"69,8076171875"
"0,0178024730682373";"-0,075074058258906";"69,9072265625"
"-0,0407261390686035";"-0,0255059076152975";"70,0068359375"
"-0,283613342285156";"-0,219398323679343";"70,1064453125"
"-0,274319763183594";"-0,416599359596148";"70,2060546875"
"-0,274006469726563";"-0,616739271208644";"70,3056640625"
"-0,274331695556641";"-0,814700673799962";"70,4052734375"
"-0,274608489990234";"-1,01508479565382";"70,5048828125"
"-0,274793060302734";"-1,21384358499199";"70,6044921875"
"-0,269771087646484";"-1,41228607390076";"70,7041015625"
"-0,272769592285156";"-1,61347992252558";"70,8037109375"
"-0,270779449462891";"-1,81141775101423";"70,9033203125"
"-0,267967529296875";"-2,01013591140509";"71,0029296875"
"-0,273630676269531";"-2,21088365651667";"71,1025390625"
"-0,268833038330078";"-2,40914011374116";"71,2021484375"
"-0,270131958007812";"-2,60742357932031";"71,3017578125"
"-0,272081665039063";"-2,80686398036778";"71,4013671875"
"-0,273034545898438";"-3,00644407980144";"71,5009765625"
"-0,268580932617188";"-3,20646329782903";"71,6005859375"
"-0,272910919189453";"-3,40527459047735";"71,7001953125"
"-0,267637481689453";"-3,60321253538132";"71,7998046875"
"-0,272585144042969";"-3,80391837097704";"71,8994140625"
"-0,270564910888672";"-4,00220695883036";"71,9990234375"
"-0,268974578857422";"-4,20019263401628";"72,0986328125"
"-0,269949981689453";"-4,40074037760496";"72,1982421875"
"-0,270887786865234";"-4,60092723369598";"72,2978515625"
"-0,270326080322266";"-4,80030570179224";"72,3974609375"
"-0,266817657470703";"-4,99848136678338";"72,4970703125"
"-0,2745";"-5,19764795899391";"72,5966796875"
"-0,273028137207031";"-5,39785483852029";"72,6962890625"
"-0,273812469482422";"-5,59687335044146";"72,7958984375"
"-0,270964019775391";"-5,7955514639616";"72,8955078125"
"-0,273928588867188";"-5,99534204229712";"72,9951171875"
"-0,277302734375";"-6,19337288662791";"73,0947265625"
"-0,276431121826172";"-6,39422470703721";"73,1943359375"
"-0,277121520996094";"-6,59227324649692";"73,2939453125"
"-0,275746276855469";"-6,79106684401631";"73,3935546875"
"-0,277181335449219";"-6,98973331600428";"73,4931640625"
"-0,27493994140625";"-7,18904286623001";"73,5927734375"
"-0,275441345214844";"-7,38837523385882";"73,6923828125"
"-0,276885864257813";"-7,58866732940078";"73,7919921875"
"-0,277313415527344";"-7,78819574043155";"73,8916015625"
"-0,278073547363281";"-7,98735953867435";"73,9912109375"
"-0,278403869628906";"-8,18648934364319";"74,0908203125"
"-0,275856414794922";"-8,38587526232004";"74,1904296875"
"-0,281935455322266";"-8,58587119728327";"74,2900390625"
"-0,280996429443359";"-8,78500938415527";"74,3896484375"
"-0,277889343261719";"-8,98293871432543";"74,4892578125"
"-0,276897674560547";"-9,1817444190383";"74,5888671875"
"-0,280238525390625";"-9,38250683248043";"74,6884765625"
"-0,2776181640625";"-9,5809418708086";"74,7880859375"
"-0,280119720458984";"-9,78120788931847";"74,8876953125"
"-0,281547668457031";"-9,9800443276763";"74,9873046875"
"-0,278830535888672";"-10,1792579516768";"75,0869140625"
"-0,2838740234375";"-10,3781446814537";"75,1865234375"
"-0,279792572021484";"-10,5769457295537";"75,2861328125"
"-0,279859619140625";"-10,7764611020684";"75,3857421875"
"-0,282324066162109";"-10,9760444611311";"75,4853515625"
"-0,284685821533203";"-11,1756706610322";"75,5849609375"
"-0,279781372070313";"-11,373195797205";"75,6845703125"
"-0,280109527587891";"-11,5711893886328";"75,7841796875"
"-0,281711090087891";"-11,7724798619747";"75,8837890625"
"-0,284967559814453";"-11,9715072214603";"75,9833984375"
"-0,285725921630859";"-12,1715599671006";"76,0830078125"
"-0,286111785888672";"-12,371426448226";"76,1826171875"
"-0,284910675048828";"-12,5690186396241";"76,2822265625"
"-0,287123504638672";"-12,7692427486181";"76,3818359375"
"-0,284456298828125";"-12,9661494866014";"76,4814453125"
"-0,289305603027344";"-13,1677556782961";"76,5810546875"
"-0,287644195556641";"-13,3659476414323";"76,6806640625"
"-0,289856475830078";"-13,5654266923666";"76,7802734375"
"-0,284088287353516";"-13,7642780318856";"76,8798828125"
"-0,288821472167969";"-13,9636034145951";"76,9794921875"
"-0,292646881103516";"-14,1630684956908";"77,0791015625"
"-0,286645111083984";"-14,361534267664";"77,1787109375"
"-0,291172149658203";"-14,5614081993699";"77,2783203125"
"-0,290319091796875";"-14,7604336962104";"77,3779296875"
"-0,291923248291016";"-14,959485270083";"77,4775390625"
"-0,291479064941406";"-15,1587836444378";"77,5771484375"
"-0,287376403808594";"-15,3568936511874";"77,6767578125"
"-0,294802215576172";"-15,5581329017878";"77,7763671875"
"-0,2897109375";"-15,756344422698";"77,8759765625"
"-0,294723205566406";"-15,956673771143";"77,9755859375"
"-0,296681671142578";"-16,157116740942";"78,0751953125"
"-0,292080993652344";"-16,3546558469534";"78,1748046875"
"-0,292812164306641";"-16,5544357150793";"78,2744140625"
"-0,298018981933594";"-16,7535822838545";"78,3740234375"
"-0,288433746337891";"-16,9522222131491";"78,4736328125"
"-0,293639892578125";"-17,1511340886354";"78,5732421875"
"-0,296461120605469";"-17,3519998788834";"78,6728515625"
"-0,294152069091797";"-17,5488013774157";"78,7724609375"
"-0,293512939453125";"-17,7492909133434";"78,8720703125"
"-0,298365234375";"-17,9490949958563";"78,9716796875"
"-0,295958709716797";"-18,1491635739803";"79,0712890625"
"-0,293089996337891";"-18,3471236377954";"79,1708984375"
"-0,297370819091797";"-18,5475703328848";"79,2705078125"
"-0,293453369140625";"-18,7455527484417";"79,3701171875"
"-0,293734649658203";"-18,945125862956";"79,4697265625"
"-0,295397338867187";"-19,1437732428312";"79,5693359375"
"-0,297227844238281";"-19,3439591675997";"79,6689453125"
"-0,298899963378906";"-19,5417813956738";"79,7685546875"
"-0,297653381347656";"-19,7419598698616";"79,8681640625"
"-0,298793243408203";"-19,9426133185625";"79,9677734375"
"-0,297717193603516";"-20,1408118009567";"80,0673828125"
"-0,300391967773438";"-20,3395094722509";"80,1669921875"
"-0,298324249267578";"-20,5384474247694";"80,2666015625"
"-0,297394744873047";"-20,7390300929546";"80,3662109375"
"-0,295676910400391";"-20,9359135478735";"80,4658203125"
"-0,297615112304688";"-21,1364421993494";"80,5654296875"
"-0,298685363769531";"-21,3353578001261";"80,6650390625"
"-0,299889770507813";"-21,5353071689606";"80,7646484375"
"-0,296358612060547";"-21,7339005321264";"80,8642578125"
"-0,303017761230469";"-21,9353046268225";"80,9638671875"
"-0,303802124023437";"-22,1336428076029";"81,0634765625"
"-0,297488037109375";"-22,332264110446";"81,1630859375"
"-0,296493316650391";"-22,5323680788279";"81,2626953125"
"-0,299999603271484";"-22,7307435125113";"81,3623046875"
"-0,302680450439453";"-22,9314751923084";"81,4619140625"
"-0,302545776367187";"-23,1301952153444";"81,5615234375"
"-0,301573394775391";"-23,329958319664";"81,6611328125"
"-0,301485198974609";"-23,5294681042433";"81,7607421875"
"-0,304061737060547";"-23,7276144325733";"81,8603515625"
"-0,299016387939453";"-23,9268466830254";"81,9599609375"
"-0,306146850585937";"-24,1278074681759";"82,0595703125"
"-0,299510528564453";"-24,3239402770996";"82,1591796875"
"-0,297516845703125";"-24,524312466383";"82,2587890625"
"-0,301377838134766";"-24,7239656746387";"82,3583984375"
"-0,302425445556641";"-24,9253027141094";"82,4580078125"
"-0,302067504882813";"-25,1235831528902";"82,5576171875"
"-0,299937072753906";"-25,3225117921829";"82,6572265625"
"-0,306428985595703";"-25,5219954997301";"82,7568359375"
"-0,303497955322266";"-25,7207732647657";"82,8564453125"
"-0,301587646484375";"-25,92015825212";"82,9560546875"
"-0,298359039306641";"-26,1195302009583";"83,0556640625"
"-0,305216186523438";"-26,3190753757954";"83,1552734375"
"-0,303534515380859";"-26,5174601227045";"83,2548828125"
"-0,307244354248047";"-26,716960594058";"83,3544921875"
"-0,300108123779297";"-26,9157588481903";"83,4541015625"
"-0,304813995361328";"-27,1149426698685";"83,5537109375"
"-0,302065307617188";"-27,3148547858";"83,6533203125"
"-0,301571533203125";"-27,5132656097412";"83,7529296875"
"-0,305802551269531";"-27,713056653738";"83,8525390625"
"-0,305984558105469";"-27,9128830879927";"83,9521484375"
"-0,308574279785156";"-28,1129367649555";"84,0517578125"
"-0,309616180419922";"-28,3105541020632";"84,1513671875"
"-0,30900537109375";"-28,5105723887682";"84,2509765625"
"-0,31171728515625";"-28,711162507534";"84,3505859375"
"-0,301779266357422";"-28,9078298956156";"84,4501953125"
"-0,310107330322266";"-29,1078835725784";"84,5498046875"
"-0,311579162597656";"-29,3079596012831";"84,6494140625"
"-0,310235504150391";"-29,50669080019";"84,7490234375"
"-0,308592010498047";"-29,7057628631592";"84,8486328125"
"-0,312725128173828";"-29,9039334058762";"84,9482421875"
"-0,31128173828125";"-30,1041752099991";"85,0478515625"
"-0,308591583251953";"-30,3043015301228";"85,1474609375"
"-0,310361145019531";"-30,5026322603226";"85,2470703125"
"-0,311891174316406";"-30,7027399539948";"85,3466796875"
"-0,315492034912109";"-30,902286991477";"85,4462890625"
"-0,317856842041016";"-31,1008505523205";"85,5458984375"
"-0,313304412841797";"-31,2993861734867";"85,6455078125"
"-0,314590667724609";"-31,4981043338776";"85,7451171875"
"-0,3127509765625";"-31,6980704665184";"85,8447265625"
"-0,315016235351562";"-31,8968780338764";"85,9443359375"
"-0,316651702880859";"-32,096341252327";"86,0439453125"
"-0,31869775390625";"-32,2958454489708";"86,1435546875"
"-0,318538909912109";"-32,4962101876736";"86,2431640625"
"-0,321235504150391";"-32,6957330107689";"86,3427734375"
"-0,316950073242187";"-32,8926667571068";"86,4423828125"
"-0,322124176025391";"-33,0927446484566";"86,5419921875"
"-0,319221466064453";"-33,2908518612385";"86,6416015625"
"-0,320969665527344";"-33,4897376596928";"86,7412109375"
"-0,323845977783203";"-33,6899347603321";"86,8408203125"
"-0,321898742675781";"-33,8882431387901";"86,9404296875"
"-0,3240244140625";"-34,0885482728481";"87,0400390625"
"-0,321578857421875";"-34,2888496816158";"87,1396484375"
"-0,322072631835937";"-34,4863124191761";"87,2392578125"
"-0,319115386962891";"-34,6868447959423";"87,3388671875"
"-0,321876037597656";"-34,8866507411003";"87,4384765625"
"-0,0056197681427002";"-34,9342860281467";"87,5380859375"
"-0,000620018720626831";"-34,7333624958992";"87,6376953125"
"4,90061938762665E-05";"-34,5348380506039";"87,7373046875"
"0,000400394201278687";"-34,3355908989906";"87,8369140625"
"0,00284317874908447";"-34,1346897184849";"87,9365234375"
"0,00104624772071838";"-33,9383408427238";"88,0361328125"
"-0,000263359397649765";"-33,7386690080166";"88,1357421875"
"0,00119434666633606";"-33,5399024188519";"88,2353515625"
"0,000368710607290268";"-33,3413630723953";"88,3349609375"
"0,00198883938789368";"-33,1429429352283";"88,4345703125"
"0,00196779143810272";"-32,9438783228397";"88,5341796875"
"0,000828728079795837";"-32,7427349984646";"88,6337890625"
"0,00135323035717011";"-32,5436256825924";"88,7333984375"
"0,000316016376018524";"-32,3443002998829";"88,8330078125"
"0,000491533428430557";"-32,1482233703136";"88,9326171875"
"0,000381544232368469";"-31,9453775882721";"89,0322265625"
"0,000484772026538849";"-31,7460335791111";"89,1318359375"
"0,00221781444549561";"-31,5466187894344";"89,2314453125"
"0,00142596662044525";"-31,3485860824585";"89,3310546875"
"0,00037219375371933";"-31,1472974717617";"89,4306640625"
"4,25241887569427E-05";"-30,9504680335522";"89,5302734375"
"0,00131519508361816";"-30,7498052716255";"89,6298828125"
"0,00125948333740234";"-30,5521823465824";"89,7294921875"
"0,000895634293556213";"-30,3503721952438";"89,8291015625"
"0,00223305082321167";"-30,1512535661459";"89,9287109375"
"0,00123059380054474";"-29,952310025692";"90,0283203125"
"0,000970717549324036";"-29,7530852258205";"90,1279296875"
"0,000552814483642578";"-29,5537225902081";"90,2275390625"
"0,00109555196762085";"-29,3554104864597";"90,3271484375"
"0,00102451074123383";"-29,1573703289032";"90,4267578125"
"0,00153891742229462";"-28,9570614695549";"90,5263671875"
"0,00228717923164368";"-28,7556871771812";"90,6259765625"
"0,00276306653022766";"-28,5583846271038";"90,7255859375"
"0,00309403991699219";"-28,3582713454962";"90,8251953125"
"0,00273492193222046";"-28,1603559851646";"90,9248046875"
"0,0014167093038559";"-27,9587805271149";"91,0244140625"
"0,00276293611526489";"-27,7628060430288";"91,1240234375"
"0,00303817915916443";"-27,5634452700615";"91,2236328125"
"0,00385951256752014";"-27,3624323308468";"91,3232421875"
"0,00474769639968872";"-27,1639358252287";"91,4228515625"
"0,00279644513130188";"-26,9649084657431";"91,5224609375"
"0,00477312135696411";"-26,7646685242653";"91,6220703125"
"0,00349070882797241";"-26,5650283545256";"91,7216796875"
"0,00374568629264832";"-26,3653248548508";"91,8212890625"
"0,00366605806350708";"-26,166345924139";"91,9208984375"
"0,00444296741485596";"-25,9671211242676";"92,0205078125"
"0,00386031341552734";"-25,768231600523";"92,1201171875"
"0,00369479870796204";"-25,5697537213564";"92,2197265625"
"0,00509524726867676";"-25,3697950392962";"92,3193359375"
"0,00522060298919678";"-25,1727905124426";"92,4189453125"
"0,00544432544708252";"-24,970343336463";"92,5185546875"
"0,00554930400848389";"-24,7709769755602";"92,6181640625"
"0,00442016887664795";"-24,5734918862581";"92,7177734375"
"0,00578271245956421";"-24,3727434426546";"92,8173828125"
"0,00449180603027344";"-24,1741798818111";"92,9169921875"
"0,00613100814819336";"-23,9735078066587";"93,0166015625"
"0,00602943801879883";"-23,7750019878149";"93,1162109375"
"0,00726241636276245";"-23,5766004770994";"93,2158203125"
"0,00551609325408936";"-23,3772974461317";"93,3154296875"
"0,00587780046463013";"-23,1781974434853";"93,4150390625"
"0,00646647071838379";"-22,9785237461329";"93,5146484375"
"0,00660644865036011";"-22,7795951068401";"93,6142578125"
"0,00648453807830811";"-22,5791167467833";"93,7138671875"
"0,00740997505187988";"-22,3808102309704";"93,8134765625"
"0,00755166625976563";"-22,1824124455452";"93,9130859375"
"0,00717198467254639";"-21,9829063862562";"94,0126953125"
"0,00666536378860474";"-21,7824466526508";"94,1123046875"
"0,00642672157287598";"-21,5832330286503";"94,2119140625"
"0,00610213708877563";"-21,384296938777";"94,3115234375"
"0,00829139709472656";"-21,1843941360712";"94,4111328125"
"0,00760059785842896";"-20,9855791181326";"94,5107421875"
"0,00847315406799317";"-20,7864921540022";"94,6103515625"
"0,00868508625030518";"-20,586995407939";"94,7099609375"
"0,00781996154785156";"-20,3894916921854";"94,8095703125"
"0,00890923690795898";"-20,1901979744434";"94,9091796875"
"0,00852826976776123";"-19,990174099803";"95,0087890625"
"0,00952893829345703";"-19,7910256683826";"95,1083984375"
"0,00840011978149414";"-19,5916853845119";"95,2080078125"
"0,00848338031768799";"-19,3933993577957";"95,3076171875"
"0,0101653118133545";"-19,1942416131496";"95,4072265625"
"0,00843703746795654";"-18,993902951479";"95,5068359375"
"0,00901540756225586";"-18,7941752374172";"95,6064453125"
"0,00921921825408935";"-18,5954216867685";"95,7060546875"
"0,00984227275848389";"-18,395870923996";"95,8056640625"
"0,00969918441772461";"-18,1977953761816";"95,9052734375"
"0,0103565120697021";"-17,9975312203169";"96,0048828125"
"0,0102770137786865";"-17,7982728928328";"96,1044921875"
"0,00991025924682617";"-17,5998657941818";"96,2041015625"
"0,0106743535995483";"-17,4007210880518";"96,3037109375"
"0,0110297088623047";"-17,2016210854053";"96,4033203125"
"0,00862211036682129";"-17,0031152665615";"96,5029296875"
"0,0103024396896362";"-16,8016292154789";"96,6025390625"
"0,0120977869033813";"-16,6056659072638";"96,7021484375"
"0,0107203607559204";"-16,4046715945005";"96,8017578125"
"0,0120561571121216";"-16,2055045366287";"96,9013671875"
"0,0115427560806274";"-16,0063430666924";"97,0009765625"
"0,011455267906189";"-15,8061292022467";"97,1005859375"
"0,011521800994873";"-15,6067293137312";"97,2001953125"
"0,0114206781387329";"-15,4067808762193";"97,2998046875"
"0,0122519950866699";"-15,2071537449956";"97,3994140625"
"0,0130328540802002";"-15,0097971782088";"97,4990234375"
"0,0123258123397827";"-14,8093681782484";"97,5986328125"
"0,0128749942779541";"-14,6099217236042";"97,6982421875"
"0,0113471593856812";"-14,4112948328257";"97,7978515625"
"0,0112902746200562";"-14,2122870311141";"97,8974609375"
"0,0126541223526001";"-14,0120042487979";"97,9970703125"
"0,0138851070404053";"-13,8122942298651";"98,0966796875"
"0,0129297189712524";"-13,6138927191496";"98,1962890625"
"0,013318564414978";"-13,415077701211";"98,2958984375"
"0,0143017807006836";"-13,217194005847";"98,3955078125"
"0,0136445646286011";"-13,0160935223103";"98,4951171875"
"0,0139133071899414";"-12,8174740821123";"98,5947265625"
"0,0123775939941406";"-12,6184532418847";"98,6943359375"
"0,0135388784408569";"-12,4192023649812";"98,7939453125"
"0,0152371635437012";"-12,2185898944736";"98,8935546875"
"0,0147435445785522";"-12,0208384469151";"98,9931640625"
"0,0137043561935425";"-11,8198385462165";"99,0927734375"
"0,0144865550994873";"-11,6222556680441";"99,1923828125"
"0,0144167060852051";"-11,4236921072006";"99,2919921875"
"0,014561842918396";"-11,2236011773348";"99,3916015625"
"0,0149732456207275";"-11,0248997807503";"99,4912109375"
"0,0157164783477783";"-10,8254440128803";"99,5908203125"
"0,014450382232666";"-10,6251910328865";"99,6904296875"
"0,0163055019378662";"-10,4264728724957";"99,7900390625"
"0,0159721632003784";"-10,2259702980518";"99,8896484375"
"0,0149801931381226";"-10,0278742611408";"99,9892578125"
"0,015625376701355";"-9,82893630862236";"100,0888671875"
"0,0146629285812378";"-9,62942652404308";"100,1884765625"
"0,0135773792266846";"-9,43066738545895";"100,2880859375"
"0,0158810806274414";"-9,23165678977966";"100,3876953125"
"0,0148815660476685";"-9,0322308242321";"100,4873046875"
"0,0161796245574951";"-8,83182603865862";"100,5869140625"
"0,015326943397522";"-8,63415934145451";"100,6865234375"
"0,0176506118774414";"-8,43258108943701";"100,7861328125"
"0,0165759773254395";"-8,23468528687954";"100,8857421875"
"0,0162890739440918";"-8,03519226610661";"100,9853515625"
"0,0166542453765869";"-7,83736817538738";"101,0849609375"
"0,0170269050598145";"-7,63821601867676";"101,1845703125"
"0,0167587966918945";"-7,43974698707461";"101,2841796875"
"0,0185462455749512";"-7,23894173279405";"101,3837890625"
"0,0171343612670898";"-7,04023102298379";"101,4833984375"
"0,0179818267822266";"-6,83956267312169";"101,5830078125"
"0,0177068634033203";"-6,64145080372691";"101,6826171875"
"0,0172869491577148";"-6,44147116690874";"101,7822265625"
"0,0180987644195557";"-6,24124426394701";"101,8818359375"
"0,0178410663604736";"-6,04341551661491";"101,9814453125"
"0,01764817237854";"-5,8451252989471";"102,0810546875"
"0,0200039901733398";"-5,64588187262416";"102,1806640625"
"0,0182896099090576";"-5,44544169679284";"102,2802734375"
"0,0189283294677734";"-5,24590769782662";"102,3798828125"
"0,0177736587524414";"-5,04681933671236";"102,4794921875"
"0,0198055801391602";"-4,84774261713028";"102,5791015625"
"0,0188410472869873";"-4,64752083644271";"102,6787109375"
"0,0204947967529297";"-4,44912351667881";"102,7783203125"
"0,019383430480957";"-4,24901721999049";"102,8779296875"
"0,0199413299560547";"-4,05074888840318";"102,9775390625"
"0,0189691219329834";"-3,85024049319327";"103,0771484375"
"0,0216261863708496";"-3,65060986950994";"103,1767578125"
"0,0209162578582764";"-3,45119857229292";"103,2763671875"
"0,0198485145568848";"-3,25202173553407";"103,3759765625"
"0,0202953624725342";"-3,05563793517649";"103,4755859375"
"0,021252986907959";"-2,85356491804123";"103,5751953125"
"0,0218972187042236";"-2,65473825857043";"103,6748046875"
"0,0214907341003418";"-2,45649972930551";"103,7744140625"
"0,0211394958496094";"-2,25794943980873";"103,8740234375"
"0,0223845615386963";"-2,0578964613378";"103,9736328125"
"0,0225286560058594";"-1,85862160287797";"104,0732421875"
"0,0225348205566406";"-1,658751280047";"104,1728515625"
"0,0227274188995361";"-1,45976117346436";"104,2724609375"
"0,0219482002258301";"-1,25983892939985";"104,3720703125"
"0,0229603614807129";"-1,06093264184892";"104,4716796875"
"0,0219237804412842";"-0,862137356307358";"104,5712890625"
"0,0234897441864014";"-0,662752368953079";"104,6708984375"
"0,0238798561096191";"-0,462931144284084";"104,7705078125"
"0,0242058181762695";"-0,26377770700492";"104,8701171875"
"0,0228022232055664";"-0,0664164836052805";"104,9697265625"
"-0,419432189941406";"-0,29388046823442";"105,0693359375"
"-0,410684661865234";"-0,791030877735466";"105,1689453125"
"-0,4095419921875";"-1,28881796263158";"105,2685546875"
"-0,410577239990234";"-1,78708974272013";"105,3681640625"
"-0,407948822021484";"-2,28459341451526";"105,4677734375"
"-0,408852508544922";"-2,78214341960847";"105,5673828125"
"-0,410966461181641";"-3,28098842874169";"105,6669921875"
"-0,410956909179688";"-3,77979222685099";"105,7666015625"
"-0,412991302490234";"-4,27685026079416";"105,8662109375"
"-0,411641937255859";"-4,77532017976046";"105,9658203125"
"-0,409822631835938";"-5,27115911245346";"106,0654296875"
"-0,414822723388672";"-5,77123276889324";"106,1650390625"
"-0,416423797607422";"-6,26991037279367";"106,2646484375"
"-0,4149990234375";"-6,76655862480402";"106,3642578125"
"-0,414302978515625";"-7,2650802321732";"106,4638671875"
"-0,415479522705078";"-7,76269380003214";"106,5634765625"
"-0,41925634765625";"-8,26206989586353";"106,6630859375"
"-0,415851043701172";"-8,76046810299158";"106,7626953125"
"-0,415105346679688";"-9,25923231989145";"106,8623046875"
"-0,418804107666016";"-9,75831504911184";"106,9619140625"
"-0,4188984375";"-10,2538848295808";"107,0615234375"
"-0,417061920166016";"-10,752716101706";"107,1611328125"
"-0,419008239746094";"-11,2507594749331";"107,2607421875"
"-0,421612670898438";"-11,7472345009446";"107,3603515625"
"-0,421541442871094";"-12,2450748458505";"107,4599609375"
"-0,420535247802734";"-12,7439247444272";"107,5595703125"
"-0,424219635009766";"-13,2427150383592";"107,6591796875"
"-0,423000335693359";"-13,7393409386277";"107,7587890625"
"-0,424323791503906";"-14,2376506701112";"107,8583984375"
"-0,426935668945312";"-14,735534787178";"107,9580078125"
"-0,426503540039062";"-15,2336694300175";"108,0576171875"
"-0,429465209960938";"-15,7331489026546";"108,1572265625"
"-0,429001861572266";"-16,2310060113668";"108,2568359375"
"-0,425948608398438";"-16,7285166680813";"108,3564453125"
"-0,428363494873047";"-17,2267556190491";"108,4560546875"
"-0,42959619140625";"-17,7252851426601";"108,5556640625"
"-0,428975799560547";"-18,2231813669205";"108,6552734375"
"-0,431307373046875";"-18,7214724719524";"108,7548828125"
"-0,426189422607422";"-19,2176532000303";"108,8544921875"
"-0,430389221191406";"-19,7180062532425";"108,9541015625"
"-0,426425445556641";"-20,2153213322163";"109,0537109375"
"-0,431520812988281";"-20,7133740186691";"109,1533203125"
"-0,435980377197266";"-21,2127827107906";"109,2529296875"
"-0,428992919921875";"-21,7102468013763";"109,3525390625"
"-0,432899627685547";"-22,2093071788549";"109,4521484375"
"-0,434587127685547";"-22,7082055062056";"109,5517578125"
"-0,435708190917969";"-23,2049468904734";"109,6513671875"
"-0,433128753662109";"-23,70192296803";"109,7509765625"
"-0,432321899414063";"-24,2009591311216";"109,8505859375"
"-0,438973419189453";"-24,6982648968697";"109,9501953125"
"-0,435055511474609";"-25,1967068761587";"110,0498046875"
"-0,4349921875";"-25,6955847144127";"110,1494140625"
"-0,433341522216797";"-26,1938478797674";"110,2490234375"
"-0,438006195068359";"-26,6913697123528";"110,3486328125"
"-0,439847747802734";"-27,1899960935116";"110,4482421875"
"-0,435373016357422";"-27,6861302554607";"110,5478515625"
"-0,43738525390625";"-28,1862672418356";"110,6474609375"
"-0,431313049316406";"-28,6840256303549";"110,7470703125"
"-0,439577667236328";"-29,1838962584734";"110,8466796875"
"-0,439524688720703";"-29,6803619712591";"110,9462890625"
"-0,442467895507813";"-30,1789101213217";"111,0458984375"
"-0,442183044433594";"-30,6764394044876";"111,1455078125"
"-0,442196258544922";"-31,1742722988129";"111,2451171875"
"-0,444135040283203";"-31,6725336015224";"111,3447265625"
"-0,446490814208984";"-32,1709103882313";"111,4443359375"
"-0,448742553710938";"-32,6701886951923";"111,5439453125"
"-0,448112365722656";"-33,1670679152012";"111,6435546875"
"-0,454101898193359";"-33,6642861366272";"111,7431640625"
"-0,454751739501953";"-34,1644063591957";"111,8427734375"
"-0,451012420654297";"-34,6608534455299";"111,9423828125"
"0,0109968338012695";"-34,8771326243877";"112,0419921875"
"0,0106805191040039";"-34,3777798116207";"112,1416015625"
"0,0113604221343994";"-33,8800735771656";"112,2412109375"
"0,0126546812057495";"-33,381886780262";"112,3408203125"
"0,0114710817337036";"-32,8837409615517";"112,4404296875"
"0,0133089160919189";"-32,3820672929287";"112,5400390625"
"0,0125504102706909";"-31,8861752748489";"112,6396484375"
"0,0123001823425293";"-31,387485563755";"112,7392578125"
"0,0120192766189575";"-30,8888778090477";"112,8388671875"
"0,0110903568267822";"-30,3906854242086";"112,9384765625"
"0,0124832801818848";"-29,8917628824711";"113,0380859375"
"0,0122700634002686";"-29,3941255658865";"113,1376953125"
"0,0129142780303955";"-28,8955420255661";"113,2373046875"
"0,013491455078125";"-28,3978302031755";"113,3369140625"
"0,0122850761413574";"-27,8982538729906";"113,4365234375"
"0,0129238147735596";"-27,4015124887228";"113,5361328125"
"0,0140148029327393";"-26,9040390849113";"113,6357421875"
"0,014848560333252";"-26,4054089784622";"113,7353515625"
"0,0151663827896118";"-25,9066578000784";"113,8349609375"
"0,015278980255127";"-25,4093315452337";"113,9345703125"
"0,015871729850769";"-24,9101035296917";"114,0341796875"
"0,0154834794998169";"-24,4128499180079";"114,1337890625"
"0,0168035182952881";"-23,9161178469658";"114,2333984375"
"0,0164539375305176";"-23,4171263873577";"114,3330078125"
"0,0162472763061523";"-22,9180343449116";"114,4326171875"
"0,0177529640197754";"-22,4208142608404";"114,5322265625"
"0,0154946184158325";"-21,9212807714939";"114,6318359375"
"0,01719677734375";"-21,424675360322";"114,7314453125"
"0,0185748558044434";"-20,9264159202576";"114,8310546875"
"0,0196856822967529";"-20,4264875501394";"114,9306640625"
"0,0199599571228027";"-19,9313182383776";"115,0302734375"
"0,0197948513031006";"-19,4317568093538";"115,1298828125"
"0,0204391212463379";"-18,9339052885771";"115,2294921875"
"0,02056032371521";"-18,4361077845097";"115,3291015625"
"0,0205256233215332";"-17,938420176506";"115,4287109375"
"0,0208123035430908";"-17,4407083541155";"115,5283203125"
"0,0222177810668945";"-16,9415175914764";"115,6279296875"
"0,0222413425445557";"-16,443470492959";"115,7275390625"
"0,0232900867462158";"-15,9444976598024";"115,8271484375"
"0,0236882076263428";"-15,4479462653399";"115,9267578125"
"0,0240338039398193";"-14,9490097537637";"116,0263671875"
"0,0221310176849365";"-14,4500695168972";"116,1259765625"
"0,0254803714752197";"-13,9520419761539";"116,2255859375"
"0,0236987133026123";"-13,455243781209";"116,3251953125"
"0,025085844039917";"-12,9547901451588";"116,4248046875"
"0,0250779647827148";"-12,4577796086669";"116,5244140625"
"0,0254607391357422";"-11,9597474113107";"116,6240234375"
"0,0243335399627686";"-11,4622600376606";"116,7236328125"
"0,0269612865447998";"-10,9643917530775";"116,8232421875"
"0,0270299434661865";"-10,465893894434";"116,9228515625"
"0,0280346527099609";"-9,96833387762308";"117,0224609375"
"0,0265044898986816";"-9,46939643472433";"117,1220703125"
"0,0268432121276855";"-8,97105503827333";"117,2216796875"
"0,0266601142883301";"-8,47425777465105";"117,3212890625"
"0,0274935932159424";"-7,97410495579243";"117,4208984375"
"0,0293446884155273";"-7,47739337384701";"117,5205078125"
"0,0284439144134521";"-6,97790738195181";"117,6201171875"
"0,0294261608123779";"-6,47945888340473";"117,7197265625"
"0,028248987197876";"-5,98252424970269";"117,8193359375"
"0,0299919033050537";"-5,48335118219256";"117,9189453125"
"0,0298311004638672";"-4,98613249510527";"118,0185546875"
"0,0305709438323975";"-4,48808120563626";"118,1181640625"
"0,0307488632202148";"-3,98931792005897";"118,2177734375"
"0,0316498794555664";"-3,49109200760722";"118,3173828125"
"0,0313813610076904";"-2,99396831542253";"118,4169921875"
"0,0319243965148926";"-2,49516265466809";"118,5166015625"
"0,0332043304443359";"-1,999651780352";"118,6162109375"
"0,0345790748596191";"-1,49908673483878";"118,7158203125"
"0,0347650985717773";"-1,00197433494031";"118,8154296875"
"0,0349397773742676";"-0,504198076669127";"118,9150390625"
"0,0276860218048096";"-0,0165626042871736";"119,0146484375"
"-0,53194189453125";"-0,877550337463617";"119,1142578125"
"-0,53111962890625";"-1,87468656804413";"119,2138671875"
"-0,529453796386719";"-2,87053640931845";"119,3134765625"
"-0,528029296875";"-3,86826624162495";"119,4130859375"
"-0,529471008300781";"-4,86132735386491";"119,5126953125"
"-0,529277465820313";"-5,85748860612512";"119,6123046875"
"-0,534426452636719";"-6,85373041778803";"119,7119140625"
"-0,534289245605469";"-7,85023998469114";"119,8115234375"
"-0,535704895019531";"-8,84585082530975";"119,9111328125"
"-0,534085144042969";"-9,84222814440727";"120,0107421875"
"-0,538269836425781";"-10,8391977846622";"120,1103515625"
"-0,536597473144531";"-11,8333091959357";"120,2099609375"
"-0,537489135742187";"-12,8296595066786";"120,3095703125"
"-0,544027465820312";"-13,8259464874864";"120,4091796875"
"-0,542835998535156";"-14,8215834051371";"120,5087890625"
"-0,546185852050781";"-15,8161334693432";"120,6083984375"
"-0,547916259765625";"-16,813462600112";"120,7080078125"
"-0,547464538574219";"-17,8087316453457";"120,8076171875"
"-0,549353820800781";"-18,8066363334656";"120,9072265625"
"-0,546923095703125";"-19,8044292628765";"121,0068359375"
"-0,549777893066406";"-20,8004154264927";"121,1064453125"
"-0,550363098144531";"-21,7966381460428";"121,2060546875"
"-0,547666931152344";"-22,7901693433523";"121,3056640625"
"-0,551452880859375";"-23,7905345857143";"121,4052734375"
"-0,552773254394531";"-24,786738678813";"121,5048828125"
"-0,552780395507813";"-25,7817413657904";"121,6044921875"
"-0,552896423339844";"-26,7785284668207";"121,7041015625"
"-0,55226318359375";"-27,7755949646235";"121,8037109375"
"-0,555614074707031";"-28,7711881101131";"121,9033203125"
"-0,5544404296875";"-29,7672282904387";"122,0029296875"
"-0,560905822753906";"-30,7612735778093";"122,1025390625"
"-0,560837768554687";"-31,7568108439445";"122,2021484375"
"-0,566750915527344";"-32,7532887458801";"122,3017578125"
"-0,569320861816406";"-33,7501280009747";"122,4013671875"
"-0,574154968261719";"-34,7475148737431";"122,5009765625"
"0,0278884735107422";"-34,3525297939777";"122,6005859375"
"0,0267816886901855";"-33,3521142601967";"122,7001953125"
"0,0272635192871094";"-32,3538035154343";"122,7998046875"
"0,0263056526184082";"-31,3597992062569";"122,8994140625"
"0,0263069019317627";"-30,3616225719452";"122,9990234375"
"0,0271417388916016";"-29,3650161474943";"123,0986328125"
"0,0283969573974609";"-28,3676255494356";"123,1982421875"
"0,0284847621917725";"-27,370473369956";"123,2978515625"
"0,0306216068267822";"-26,3770073652267";"123,3974609375"
"0,0316906909942627";"-25,3815725445747";"123,4970703125"
"0,0326353492736816";"-24,3847370147705";"123,5966796875"
"0,0323202285766602";"-23,3912616968155";"123,6962890625"
"0,0339441757202148";"-22,3947390913963";"123,7958984375"
"0,0346324577331543";"-21,400498226285";"123,8955078125"
"0,0364799995422363";"-20,4018168151379";"123,9951171875"
"0,0370500068664551";"-19,4064453244209";"124,0947265625"
"0,0374335060119629";"-18,4100177139044";"124,1943359375"
"0,0393945732116699";"-17,4157824367285";"124,2939453125"
"0,038267894744873";"-16,4180062711239";"124,3935546875"
"0,0398864402770996";"-15,4220964759588";"124,4931640625"
"0,0411620941162109";"-14,4268972799182";"124,5927734375"
"0,0405980262756348";"-13,4277576580644";"124,6923828125"
"0,0428565406799316";"-12,431601062417";"124,7919921875"
"0,0421423454284668";"-11,4358039572835";"124,8916015625"
"0,0439523887634277";"-10,4391984641552";"124,9912109375"
"0,0438771209716797";"-9,44300927221775";"125,0908203125"
"0,0452490158081055";"-8,44677165150642";"125,1904296875"
"0,0447108955383301";"-7,45106069371104";"125,2900390625"
"0,0456559295654297";"-6,45413342863321";"125,3896484375"
"0,0471650047302246";"-5,4575358517468";"125,4892578125"
"0,0485197830200195";"-4,46189800277352";"125,5888671875"
"0,0486369819641113";"-3,46441380679607";"125,6884765625"
"0,0487615547180176";"-2,4691610597074";"125,7880859375"
"0,0504457588195801";"-1,4720989856869";"125,8876953125"
"0,0524532051086426";"-0,477662077173591";"125,9873046875"
"-0,680447998046875";"-0,847063376568258";"126,0869140625"
"-0,677352416992188";"-2,84101907163858";"126,1865234375"
"-0,677769653320312";"-4,83308173716068";"126,2861328125"
"-0,680357055664062";"-6,82273274287581";"126,3857421875"
"-0,685413330078125";"-8,81492346525192";"126,4853515625"
"-0,686488952636719";"-10,8081111684442";"126,5849609375"
"-0,688119934082031";"-12,799333781004";"126,6845703125"
"-0,692131652832031";"-14,7883258759975";"126,7841796875"
"-0,695408081054688";"-16,7811363935471";"126,8837890625"
"-0,6980771484375";"-18,7723264098167";"126,9833984375"
"-0,700076904296875";"-20,7672696560621";"127,0830078125"
"-0,700086303710937";"-22,7612908929586";"127,1826171875"
"-0,701639770507813";"-24,754136800766";"127,2822265625"
"-0,705205139160156";"-26,7496649175882";"127,3818359375"
"-0,703259948730469";"-28,7413876503706";"127,4814453125"
"-0,70952490234375";"-30,7323504239321";"127,5810546875"
"-0,713992553710938";"-32,7201373875141";"127,6806640625"
"-0,718991943359375";"-34,7105339169502";"127,7802734375"
"0,0665613403320312";"-33,5002169013023";"127,8798828125"
"0,0670529174804688";"-31,5011367201805";"127,9794921875"
"0,0680799789428711";"-29,5078717172146";"128,0791015625"
"0,0705525131225586";"-27,5148879736662";"128,1787109375"
"0,07408203125";"-25,5237929522991";"128,2783203125"
"0,0749950714111328";"-23,5312469303608";"128,3779296875"
"0,0780805053710937";"-21,5420704334974";"128,4775390625"
"0,0810405426025391";"-19,5498242974281";"128,5771484375"
"0,082978889465332";"-17,5584889948368";"128,6767578125"
"0,0856192779541016";"-15,5662652105093";"128,7763671875"
"0,086822624206543";"-13,5722626000643";"128,8759765625"
"0,0857304382324219";"-11,5793710574508";"128,9755859375"
"0,088343635559082";"-9,58387553691864";"129,0751953125"
"0,0888844223022461";"-7,59541848674417";"129,1748046875"
"0,0919752197265625";"-5,59987593442202";"129,2744140625"
"0,0927759704589844";"-3,60660511069";"129,3740234375"
"0,0954502639770508";"-1,61418702919036";"129,4736328125"
"-0,611865112304688";"-0,27992480318062";"129,5732421875"
"-0,790104797363281";"-3,23616457171738";"129,6728515625"
"-0,794374267578125";"-6,22566742822528";"129,7724609375"
"-0,797906982421875";"-9,20856278389692";"129,8720703125"
"-0,801753479003906";"-12,1979163959622";"129,9716796875"
"-0,806618835449219";"-15,182196162641";"130,0712890625"
"-0,809115356445313";"-18,1712675839663";"130,1708984375"
"-0,814113220214844";"-21,1614668369293";"130,2705078125"
"-0,812459350585938";"-24,154694750905";"130,3701171875"
"-0,813293884277344";"-27,1441955119371";"130,4697265625"
"-0,819813842773437";"-30,1304180175066";"130,5693359375"
"-0,828097106933594";"-33,1117250025272";"130,6689453125"
"0,127100883483887";"-34,1620594263077";"130,7685546875"
"0,128973602294922";"-31,1596300452948";"130,8681640625"
"0,130941970825195";"-28,1644761562347";"130,9677734375"
"0,134814559936523";"-25,1773856580257";"131,0673828125"
"0,137553375244141";"-22,1922323107719";"131,1669921875"
"0,142121627807617";"-19,205316901207";"131,2666015625"
"0,14629216003418";"-16,2189062684774";"131,3662109375"
"0,148943725585937";"-13,2287293672562";"131,4658203125"
"0,147481887817383";"-10,236693546176";"131,5654296875"
"0,152526031494141";"-7,24945915862918";"131,6650390625"
"0,153349655151367";"-4,25904197618365";"131,7646484375"
"0,154967636108398";"-1,26993400044739";"131,8642578125"
"-0,837852905273437";"-1,82360387407243";"131,9638671875"
"-0,839804931640625";"-5,80608425661922";"132,0634765625"
"-0,847601501464844";"-9,78831015527248";"132,1630859375"
"-0,850506896972656";"-13,7687213718891";"132,2626953125"
"-0,857057373046875";"-17,7504010498524";"132,3623046875"
"-0,856464538574219";"-21,740835160017";"132,4619140625"
"-0,858055603027344";"-25,7299542427063";"132,5615234375"
"-0,86169287109375";"-29,7145321965218";"132,6611328125"
"-0,873296691894531";"-33,6865372955799";"132,7607421875"
"0,200511627197266";"-32,7802635729313";"132,8603515625"
"0,207407684326172";"-28,7763942033052";"132,9599609375"
"0,211912979125977";"-24,7940588742495";"133,0595703125"
"0,217435974121094";"-20,8178237080574";"133,1591796875"
"0,224347457885742";"-16,8362893164158";"133,2587890625"
"0,226958831787109";"-12,8484042361379";"133,3583984375"
"0,227444122314453";"-8,85986536741257";"133,4580078125"
"0,227830825805664";"-4,87202545627952";"133,5576171875"
"0,231052688598633";"-0,886216526851058";"133,6572265625"
"-0,8787939453125";"-3,40529927052557";"133,7568359375"
"-0,883857055664062";"-8,38290899991989";"133,8564453125"
"-0,891328002929688";"-13,36102001369";"133,9560546875"
"-0,900589172363281";"-18,335860222578";"134,0556640625"
"-0,899892395019531";"-23,3270339667797";"134,1552734375"
"-0,896668273925781";"-28,3116418868303";"134,2548828125"
"-0,911460327148437";"-33,2782492041588";"134,3544921875"
"0,297073669433594";"-32,0774987339973";"134,4541015625"
"0,302096374511719";"-27,0777121186256";"134,5537109375"
"0,312793029785156";"-22,1019219607115";"134,6533203125"
"0,321959442138672";"-17,1281192451715";"134,7529296875"
"0,322252716064453";"-12,1405879035592";"134,8525390625"
"0,324322418212891";"-7,1587823331356";"134,9521484375"
"0,322993041992187";"-2,17308243736625";"135,0517578125"
"-0,904888977050781";"-2,91612767614424";"135,1513671875"
"-0,915859436035156";"-8,89301765710115";"135,2509765625"
"-0,922553405761719";"-14,8653145879507";"135,3505859375"
"-0,924501159667969";"-20,843805745244";"135,4501953125"
"-0,9225859375";"-26,8343407660723";"135,5498046875"
"-0,936576293945312";"-32,7946953475475";"135,6494140625"
"0,412657196044922";"-31,668096780777";"135,7490234375"
"0,415178955078125";"-25,669327005744";"135,8486328125"
"0,430265686035156";"-19,7035949677229";"135,9482421875"
"0,439705596923828";"-13,7325003743172";"136,0478515625"
"0,43369580078125";"-7,74436770007014";"136,1474609375"
"0,434644256591797";"-1,76069489680231";"136,2470703125"
"-0,920446166992188";"-3,74399870634079";"136,3466796875"
"-0,929957153320312";"-10,7233189046383";"136,4462890625"
"-0,938869750976563";"-17,6893882453442";"136,5458984375"
"-0,938361389160156";"-24,6810112148523";"136,6455078125"
"-0,945403442382812";"-31,6502973437309";"136,7451171875"
"0,546018615722656";"-32,003041356802";"136,8447265625"
"0,5453505859375";"-25,0085853040218";"136,9443359375"
"0,560354125976563";"-18,0518124252558";"137,0439453125"
"0,56008740234375";"-11,0699636861682";"137,1435546875"
"0,558109191894531";"-4,0870956145227";"137,2431640625"
"-0,951449768066406";"-2,56595807150006";"137,3427734375"
"-0,952126525878906";"-10,5383563786745";"137,4423828125"
"-0,958840698242188";"-18,5074713081121";"137,5419921875"
"-0,957643127441406";"-26,4949314296246";"137,6416015625"
"-0,91545263671875";"-34,4196781516075";"137,7412109375"
"0,674583129882813";"-28,431611135602";"137,8408203125"
"0,691958251953125";"-20,4682312905788";"137,9404296875"
"0,703315063476562";"-12,5061022117734";"138,0400390625"
"0,692830139160156";"-4,52010426670313";"138,1396484375"
"-0,97755712890625";"-3,26395407319069";"138,2392578125"
"-0,977462890625";"-12,2115798294544";"138,3388671875"
"-0,981647521972656";"-21,1986694484949";"138,4384765625"
"-0,983389526367188";"-30,174670740962";"138,5380859375"
"0,814110595703125";"-32,027542591095";"138,6376953125"
"0,822425964355469";"-23,0487789958715";"138,7373046875"
"0,850675842285156";"-14,0923596918583";"138,8369140625"
"0,838069030761719";"-5,11055998504162";"138,9365234375"
"-1,00504217529297";"-3,54221812449396";"139,0361328125"
"-1,00034381103516";"-13,4879574179649";"139,1357421875"
"-1,00704132080078";"-23,4621074050665";"139,2353515625"
"-1,01793792724609";"-33,4031991660595";"139,3349609375"
"0,955500427246094";"-27,284087613225";"139,4345703125"
"0,983337280273437";"-17,3418037593365";"139,5341796875"
"0,975703369140625";"-7,36014451831579";"139,6337890625"
"-1,00320520019531";"-1,85933418106288";"139,7333984375"
"-1,02102496337891";"-12,7928322181106";"139,8330078125"
"-1,03202014160156";"-23,760786280036";"139,9326171875"
"-0,895196960449219";"-34,5090329647064";"140,0322265625"
"1,08680078125";"-25,3422129899263";"140,1318359375"
"1,13492053222656";"-14,4021809101105";"140,2314453125"
"1,10979443359375";"-3,41088115237653";"140,3310546875"
"-1,03468933105469";"-7,41626275703311";"140,4306640625"
"-1,05645776367188";"-19,3318910896778";"140,5302734375"
"-1,05965405273437";"-31,3106402754784";"140,6298828125"
"1,20931884765625";"-27,657862752676";"140,7294921875"
"1,26660668945312";"-15,7152693718672";"140,8291015625"
"1,24863598632813";"-3,72024672105908";"140,9287109375"
"-1,06174694824219";"-6,50499621406198";"141,0283203125"
"-1,08652160644531";"-19,4224696606398";"141,1279296875"
"-1,08833178710937";"-32,3900543153286";"141,2275390625"
"1,34978234863281";"-25,6492346525192";"141,3271484375"
"1,39674206542969";"-12,710246257484";"141,4267578125"
"0,481410797119141";"-0,280980922980234";"141,5263671875"
"-1,09396813964844";"-12,4791134148836";"141,6259765625"
"-1,1048974609375";"-26,1512771248817";"141,7255859375"
"1,37666882324219";"-31,5143391489983";"141,8251953125"
"1,39225219726562";"-18,1449539959431";"141,9248046875"
"1,42206640625";"-4,83828783035278";"142,0244140625"
"-1,0858134765625";"-7,6790195889771";"142,1240234375"
"-1,09743176269531";"-21,3917251676321";"142,2236328125"
"-0,863383605957031";"-34,6331000328064";"142,3232421875"
"1,42261682128906";"-22,6456597447395";"142,4228515625"
"1,41790844726562";"-9,36130713671446";"142,5224609375"
"-1,14348999023437";"-3,76392039470375";"142,6220703125"
"-1,07894958496094";"-18,3955617249012";"142,7216796875"
"-1,10533911132813";"-32,2295762598515";"142,8212890625"
"1,5630068359375";"-23,6899387091398";"142,9208984375"
"1,41343615722656";"-9,96596366167068";"143,0205078125"
"-1,13938610839844";"-3,02967149764299";"143,1201171875"
"-1,10129150390625";"-18,6191592365503";"143,2197265625"
"-1,1100888671875";"-32,5907319784164";"143,3193359375"
"1,64727209472656";"-23,033345118165";"143,4189453125"
"1,39577270507813";"-8,64358711987734";"143,5185546875"
"-1,20344702148438";"-4,89874929189682";"143,6181640625"
"-1,12024584960938";"-21,1803019046783";"143,7177734375"
"-0,511900848388672";"-34,5955789089203";"143,8173828125"
"1,69664636230469";"-19,0566424280405";"143,9169921875"
"1,41012817382813";"-4,34129778295755";"144,0166015625"
"-1,18276953125";"-10,1106436923146";"144,1162109375"
"-1,12744018554687";"-26,5794824808836";"144,2158203125"
"1,85882629394531";"-29,5779909938574";"144,3154296875"
"1,69257006835937";"-12,4726751819253";"144,4150390625"
"-1,05750610351563";"-1,04532588738948";"144,5146484375"
"-1,18576318359375";"-19,2452743649483";"144,6142578125"
"-0,856797058105469";"-34,6308350563049";"144,7138671875"
"1,79491186523437";"-18,0534645915031";"144,8134765625"
"1,55838488769531";"-1,66461966000497";"144,9130859375"
