"File Path: C:\Users\polpo\Desktop\EXPORT\Test Run 19\DAQ- Axial Force; … - (Timed).csv   "
"Test: Amortyzatory_1"
"Test Run: Test Run 19"
"Date: 16.03.2026 11:58:01"
""
""
"Axial Force ";"Axial Displacement ";"Running Time "
"kN";"mm";"sec"
"-0,0536540145874023";"-0,0220106539927656";"0,001953125"
"-0,176182968139648";"-0,120027136290446";"0,1015625"
"-0,227254684448242";"-0,217097971471958";"0,201171875"
"-0,264465301513672";"-0,314626435283571";"0,30078125"
"-0,265076477050781";"-0,414418405853212";"0,400390625"
"-0,262891632080078";"-0,516331580001861";"0,5"
"-0,256827789306641";"-0,616058649029583";"0,599609375"
"-0,255628890991211";"-0,714287511073053";"0,69921875"
"-0,256669036865234";"-0,814703234937042";"0,798828125"
"-0,253786560058594";"-0,913176860194653";"0,8984375"
"-0,25341862487793";"-1,01325486321002";"0,998046875"
"-0,250208801269531";"-1,11267506144941";"1,09765625"
"-0,252169311523438";"-1,21329561807215";"1,197265625"
"-0,253018798828125";"-1,31192640401423";"1,296875"
"-0,252624359130859";"-1,4126735040918";"1,396484375"
"-0,25075862121582";"-1,51176168583333";"1,49609375"
"-0,2527236328125";"-1,61121692508459";"1,595703125"
"-0,250030700683594";"-1,70986633747816";"1,6953125"
"-0,250400848388672";"-1,80961505975574";"1,794921875"
"-0,251680099487305";"-1,91039755009115";"1,89453125"
"-0,248865646362305";"-2,01109610497952";"1,994140625"
"-0,247562591552734";"-2,10977648384869";"2,09375"
"-0,24776318359375";"-2,20857025124133";"2,193359375"
"-0,249772537231445";"-2,30992422439158";"2,29296875"
"-0,254838882446289";"-2,40939762443304";"2,392578125"
"-0,248532165527344";"-2,50803749077022";"2,4921875"
"-0,251466690063477";"-2,60820565745234";"2,591796875"
"-0,246410507202148";"-2,70739896222949";"2,69140625"
"-0,251629821777344";"-2,80735618434846";"2,791015625"
"-0,249430603027344";"-2,90584354661405";"2,890625"
"-0,247266082763672";"-3,00600472837687";"2,990234375"
"-0,247410522460938";"-3,10570443980396";"3,08984375"
"-0,252053863525391";"-3,20539250969887";"3,189453125"
"-0,249424118041992";"-3,3056337852031";"3,2890625"
"-0,247623611450195";"-3,40471253730357";"3,388671875"
"-0,253623489379883";"-3,5050509031862";"3,48828125"
"-0,253325073242188";"-3,60454502515495";"3,587890625"
"-0,253357650756836";"-3,70497303083539";"3,6875"
"-0,250511672973633";"-3,80404642783105";"3,787109375"
"-0,253767395019531";"-3,90443578362465";"3,88671875"
"-0,246091720581055";"-4,00238903239369";"3,986328125"
"-0,253188705444336";"-4,10292530432343";"4,0859375"
"-0,250190551757813";"-4,2024995200336";"4,185546875"
"-0,253276733398437";"-4,30248258635402";"4,28515625"
"-0,250887924194336";"-4,40231245011091";"4,384765625"
"-0,251208633422852";"-4,50229970738292";"4,484375"
"-0,250466827392578";"-4,60064876824617";"4,583984375"
"-0,250161407470703";"-4,6998062171042";"4,68359375"
"-0,24843571472168";"-4,80043841525912";"4,783203125"
"-0,252192947387695";"-4,89900121465325";"4,8828125"
"-0,250346725463867";"-4,99875238165259";"4,982421875"
"-0,250172378540039";"-5,0986991263926";"5,08203125"
"-0,24918293762207";"-5,19812107086182";"5,181640625"
"-0,250125946044922";"-5,29716862365603";"5,28125"
"-0,253088150024414";"-5,39793400093913";"5,380859375"
"-0,254213088989258";"-5,49791194498539";"5,48046875"
"-0,245602966308594";"-5,59780187904835";"5,580078125"
"-0,250576080322266";"-5,69880846887827";"5,6796875"
"-0,251141754150391";"-5,79686788842082";"5,779296875"
"-0,248790435791016";"-5,89714525267482";"5,87890625"
"-0,253004791259766";"-5,99764660000801";"5,978515625"
"-0,249625137329102";"-6,09417445957661";"6,078125"
"-0,256814300537109";"-6,19604159146547";"6,177734375"
"-0,255417617797852";"-6,29567680880427";"6,27734375"
"-0,250269561767578";"-6,39385310932994";"6,376953125"
"-0,250436126708984";"-6,49294350296259";"6,4765625"
"-0,249412048339844";"-6,59311190247536";"6,576171875"
"-0,254693420410156";"-6,69366214424372";"6,67578125"
"-0,255061508178711";"-6,79328804835677";"6,775390625"
"-0,254756301879883";"-6,89301313832402";"6,875"
"-0,248836563110352";"-6,99088396504521";"6,974609375"
"-0,252656158447266";"-7,09067238494754";"7,07421875"
"-0,249630569458008";"-7,19025218859315";"7,173828125"
"-0,251751007080078";"-7,28993955999613";"7,2734375"
"-0,254624694824219";"-7,39089073613286";"7,373046875"
"-0,252824996948242";"-7,48955085873604";"7,47265625"
"-0,254380615234375";"-7,59035861119628";"7,572265625"
"-0,252980178833008";"-7,68899265676737";"7,671875"
"-0,253526092529297";"-7,78893753886223";"7,771484375"
"-0,256433532714844";"-7,88872502744198";"7,87109375"
"-0,256935150146484";"-7,9884510487318";"7,970703125"
"-0,250006561279297";"-8,08745715767145";"8,0703125"
"-0,255948364257813";"-8,18826351314783";"8,169921875"
"-0,251807510375977";"-8,28789453953505";"8,26953125"
"-0,255915557861328";"-8,38776864111423";"8,369140625"
"-0,256255981445313";"-8,4860660135746";"8,46875"
"-0,256706268310547";"-8,58703535050154";"8,568359375"
"-0,25722119140625";"-8,68596322834492";"8,66796875"
"-0,255785461425781";"-8,78552626818419";"8,767578125"
"-0,256850250244141";"-8,8845482096076";"8,8671875"
"-0,259486785888672";"-8,98492801934481";"8,966796875"
"-0,252829574584961";"-9,08349175006151";"9,06640625"
"-0,253189529418945";"-9,1831162571907";"9,166015625"
"-0,25589990234375";"-9,28342156112194";"9,265625"
"-0,255348556518555";"-9,38258413225412";"9,365234375"
"-0,256629302978516";"-9,48222260922194";"9,46484375"
"-0,254708999633789";"-9,5812538638711";"9,564453125"
"-0,256467956542969";"-9,68159642070532";"9,6640625"
"-0,257260772705078";"-9,78124141693115";"9,763671875"
"-0,260597045898438";"-9,88166034221649";"9,86328125"
"-0,258901977539063";"-9,98121593147516";"9,962890625"
"-0,254235321044922";"-10,08081715554";"10,0625"
"-0,260409759521484";"-10,18160674721";"10,162109375"
"-0,252108093261719";"-10,278832167387";"10,26171875"
"-0,257669281005859";"-10,3799877688289";"10,361328125"
"-0,258688415527344";"-10,4787340387702";"10,4609375"
"-0,257191741943359";"-10,5798356235027";"10,560546875"
"-0,264108001708984";"-10,679055005312";"10,66015625"
"-0,261602233886719";"-10,77866461128";"10,759765625"
"-0,256592803955078";"-10,8774043619633";"10,859375"
"-0,256738128662109";"-10,977815836668";"10,958984375"
"-0,257931518554687";"-11,0780261456966";"11,05859375"
"-0,258745269775391";"-11,1774457618594";"11,158203125"
"-0,258247497558594";"-11,2760188058019";"11,2578125"
"-0,258076354980469";"-11,3757215440273";"11,357421875"
"-0,262507720947266";"-11,4755565300584";"11,45703125"
"-0,266631195068359";"-11,5776499733329";"11,556640625"
"-0,262051483154297";"-11,6752246394753";"11,65625"
"-0,261778106689453";"-11,7738367989659";"11,755859375"
"-0,260502807617188";"-11,8748089298606";"11,85546875"
"-0,261002807617188";"-11,9737796485424";"11,955078125"
"-0,261237945556641";"-12,0738176628947";"12,0546875"
"-0,2571904296875";"-12,1709369122982";"12,154296875"
"-0,262262145996094";"-12,2716752812266";"12,25390625"
"-0,260229339599609";"-12,3727032914758";"12,353515625"
"-0,266235504150391";"-12,4719850718975";"12,453125"
"-0,257392150878906";"-12,5721646472812";"12,552734375"
"-0,262750610351562";"-12,67244014889";"12,65234375"
"-0,264609497070313";"-12,7714732661843";"12,751953125"
"-0,265894592285156";"-12,8714386373758";"12,8515625"
"-0,262485321044922";"-12,970732524991";"12,951171875"
"-0,257937255859375";"-13,0694825202227";"13,05078125"
"-0,265366973876953";"-13,1714669987559";"13,150390625"
"-0,268516326904297";"-13,2706221193075";"13,25"
"-0,262460052490234";"-13,3687220513821";"13,349609375"
"-0,265613006591797";"-13,4680457413197";"13,44921875"
"-0,265244354248047";"-13,5679887607694";"13,548828125"
"-0,265624176025391";"-13,6689599603415";"13,6484375"
"-0,267016357421875";"-13,7688126415014";"13,748046875"
"-0,26419189453125";"-13,8668222352862";"13,84765625"
"-0,269116638183594";"-13,9668975025415";"13,947265625"
"-0,263636047363281";"-14,0660693868995";"14,046875"
"-0,264190460205078";"-14,1651714220643";"14,146484375"
"-0,269890472412109";"-14,264808036387";"14,24609375"
"-0,264264007568359";"-14,3648507073522";"14,345703125"
"-0,26535498046875";"-14,4654978066683";"14,4453125"
"-0,267311676025391";"-14,5637849345803";"14,544921875"
"-0,268613220214844";"-14,6642774343491";"14,64453125"
"-0,266471710205078";"-14,7629324346781";"14,744140625"
"-0,269494293212891";"-14,8633597418666";"14,84375"
"-0,269384796142578";"-14,9629740044475";"14,943359375"
"-0,271808563232422";"-15,0631004944444";"15,04296875"
"-0,267947509765625";"-15,1617517694831";"15,142578125"
"-0,275317504882812";"-15,2627164497972";"15,2421875"
"-0,270168823242187";"-15,361369587481";"15,341796875"
"-0,269431427001953";"-15,4603300616145";"15,44140625"
"-0,270007934570313";"-15,5596565455198";"15,541015625"
"-0,272340850830078";"-15,6609304249287";"15,640625"
"-0,265970581054688";"-15,7579835504293";"15,740234375"
"-0,271650024414062";"-15,8593095839024";"15,83984375"
"-0,273163513183594";"-15,9579869359732";"15,939453125"
"-0,265986114501953";"-16,0579551011324";"16,0390625"
"-0,267649078369141";"-16,1572620272636";"16,138671875"
"-0,268648773193359";"-16,25738106668";"16,23828125"
"-0,267887084960937";"-16,3568574935198";"16,337890625"
"-0,269324401855469";"-16,4569281041622";"16,4375"
"-0,277292297363281";"-16,5580231696367";"16,537109375"
"-0,272457763671875";"-16,6553482413292";"16,63671875"
"-0,270978912353516";"-16,7543720453978";"16,736328125"
"-0,274686553955078";"-16,8559662997723";"16,8359375"
"-0,268382965087891";"-16,9539675116539";"16,935546875"
"-0,272351165771484";"-17,0565601438284";"17,03515625"
"-0,2708203125";"-17,1539727598429";"17,134765625"
"-0,273047637939453";"-17,2528214752674";"17,234375"
"-0,275936401367188";"-17,3536315560341";"17,333984375"
"-0,272552886962891";"-17,4542553722858";"17,43359375"
"-0,271746276855469";"-17,5528954714537";"17,533203125"
"-0,27558642578125";"-17,6533218473196";"17,6328125"
"-0,272337829589844";"-17,7521705627441";"17,732421875"
"-0,272770751953125";"-17,8531259298325";"17,83203125"
"-0,275829467773438";"-17,9516244679689";"17,931640625"
"-0,276051208496094";"-18,0526003241539";"18,03125"
"-0,269173431396484";"-18,1489661335945";"18,130859375"
"-0,278703063964844";"-18,250223249197";"18,23046875"
"-0,270704986572266";"-18,3489006012678";"18,330078125"
"-0,278504455566406";"-18,4495989233255";"18,4296875"
"-0,272392242431641";"-18,5493510216475";"18,529296875"
"-0,274511505126953";"-18,6484884470701";"18,62890625"
"-0,276652954101562";"-18,7490992248058";"18,728515625"
"-0,275068450927734";"-18,8484881073236";"18,828125"
"-0,277516052246094";"-18,947621807456";"18,927734375"
"-0,278456878662109";"-19,048910588026";"19,02734375"
"-0,276927001953125";"-19,1476885229349";"19,126953125"
"-0,275474761962891";"-19,2464906722307";"19,2265625"
"-0,28182470703125";"-19,346360117197";"19,326171875"
"-0,273127960205078";"-19,4454528391361";"19,42578125"
"-0,277208221435547";"-19,5464491844177";"19,525390625"
"-0,276083831787109";"-19,6448508650064";"19,625"
"-0,279273193359375";"-19,7451859712601";"19,724609375"
"-0,27561376953125";"-19,8447983711958";"19,82421875"
"-0,282049438476562";"-19,944878295064";"19,923828125"
"-0,276617462158203";"-20,0449377298355";"20,0234375"
"-0,275645202636719";"-20,1427601277828";"20,123046875"
"-0,281323547363281";"-20,2439408749342";"20,22265625"
"-0,279755706787109";"-20,3419756144285";"20,322265625"
"-0,283042510986328";"-20,4421393573284";"20,421875"
"-0,278842712402344";"-20,5421987921";"20,521484375"
"-0,281891571044922";"-20,6411965191364";"20,62109375"
"-0,278035949707031";"-20,7416415214539";"20,720703125"
"-0,282296447753906";"-20,8409931510687";"20,8203125"
"-0,280878784179687";"-20,9407396614552";"20,919921875"
"-0,283642578125";"-21,0407823324203";"21,01953125"
"-0,283902069091797";"-21,1398880928755";"21,119140625"
"-0,283790649414063";"-21,2402306497097";"21,21875"
"-0,27954931640625";"-21,3394276797771";"21,318359375"
"-0,285717620849609";"-21,4389376342297";"21,41796875"
"-0,283165649414063";"-21,5388517826796";"21,517578125"
"-0,28659375";"-21,63902297616";"21,6171875"
"-0,284705474853516";"-21,7376034706831";"21,716796875"
"-0,285093170166016";"-21,83797955513";"21,81640625"
"-0,286454040527344";"-21,9377987086773";"21,916015625"
"-0,282399444580078";"-22,0363195985556";"22,015625"
"-0,283606842041016";"-22,1359711140394";"22,115234375"
"-0,277221710205078";"-22,2343951463699";"22,21484375"
"-0,279746765136719";"-22,3356410861015";"22,314453125"
"-0,284745452880859";"-22,4348083138466";"22,4140625"
"-0,282977111816406";"-22,5341264158487";"22,513671875"
"-0,287086029052734";"-22,6349569857121";"22,61328125"
"-0,286644195556641";"-22,7331016212702";"22,712890625"
"-0,286056671142578";"-22,8330474346876";"22,8125"
"-0,283651458740234";"-22,9310356080532";"22,912109375"
"-0,287918334960937";"-23,0326168239117";"23,01171875"
"-0,286661071777344";"-23,1320504099131";"23,111328125"
"-0,287361999511719";"-23,232901468873";"23,2109375"
"-0,284095428466797";"-23,3313795179129";"23,310546875"
"-0,284683135986328";"-23,432707414031";"23,41015625"
"-0,287312347412109";"-23,5316064208746";"23,509765625"
"-0,287050689697266";"-23,6307941377163";"23,609375"
"-0,284892150878906";"-23,7306319177151";"23,708984375"
"-0,288460388183594";"-23,8301027566195";"23,80859375"
"-0,286147918701172";"-23,9294376224279";"23,908203125"
"-0,290216125488281";"-24,0301787853241";"24,0078125"
"-0,286083801269531";"-24,1280887275934";"24,107421875"
"-0,2909521484375";"-24,2282208055258";"24,20703125"
"-0,290746643066406";"-24,3281219154596";"24,306640625"
"-0,297454254150391";"-24,4288872927427";"24,40625"
"-0,291944061279297";"-24,5277751237154";"24,505859375"
"-0,292391052246094";"-24,6263574808836";"24,60546875"
"-0,292156585693359";"-24,727001786232";"24,705078125"
"-0,287754608154297";"-24,8251706361771";"24,8046875"
"-0,289017578125";"-24,9265301972628";"24,904296875"
"-0,293053863525391";"-25,0260084867477";"25,00390625"
"-0,296053955078125";"-25,1256320625544";"25,103515625"
"-0,289351165771484";"-25,2234395593405";"25,203125"
"-0,293305938720703";"-25,3248903900385";"25,302734375"
"-0,294613220214844";"-25,4247300326824";"25,40234375"
"-0,291346527099609";"-25,5238134413958";"25,501953125"
"-0,288096710205078";"-25,6225820630789";"25,6015625"
"-0,297837921142578";"-25,7235951721668";"25,701171875"
"-0,292415069580078";"-25,82230232656";"25,80078125"
"-0,294437957763672";"-25,9224586188793";"25,900390625"
"-0,294987945556641";"-26,0217394679785";"26"
"-0,296518463134766";"-26,1203292757273";"26,099609375"
"-0,294122131347656";"-26,2206289917231";"26,19921875"
"-0,294757171630859";"-26,3217985630035";"26,298828125"
"-0,296723052978516";"-26,4180414378643";"26,3984375"
"-0,299697418212891";"-26,5195108950138";"26,498046875"
"-0,297487396240234";"-26,6188364475965";"26,59765625"
"-0,294875030517578";"-26,7200320959091";"26,697265625"
"-0,300543579101562";"-26,818223297596";"26,796875"
"-0,299349029541016";"-26,9183311611414";"26,896484375"
"-0,295120697021484";"-27,0183533430099";"26,99609375"
"-0,296168151855469";"-27,1170139312744";"27,095703125"
"-0,298075714111328";"-27,2182989865541";"27,1953125"
"-0,296130859375";"-27,3163449019194";"27,294921875"
"-0,300266967773438";"-27,4175591766834";"27,39453125"
"-0,302511260986328";"-27,5156833231449";"27,494140625"
"-0,297749572753906";"-27,6165064424276";"27,59375"
"-0,303015655517578";"-27,716938406229";"27,693359375"
"-0,299100708007813";"-27,8148241341114";"27,79296875"
"-0,296449157714844";"-27,9136728495359";"27,892578125"
"-0,305348114013672";"-28,0153658241034";"27,9921875"
"-0,299938140869141";"-28,1142611056566";"28,091796875"
"-0,297469299316406";"-28,213057667017";"28,19140625"
"-0,302561920166016";"-28,3130668103695";"28,291015625"
"-0,302399719238281";"-28,4132920205593";"28,390625"
"-0,299147125244141";"-28,5123102366924";"28,490234375"
"-0,300879577636719";"-28,6133084446192";"28,58984375"
"-0,297675109863281";"-28,711162507534";"28,689453125"
"-0,303094207763672";"-28,8114752620459";"28,7890625"
"-0,302290740966797";"-28,9113279432058";"28,888671875"
"-0,299511901855469";"-29,0095396339893";"28,98828125"
"-0,305083862304687";"-29,1100461035967";"29,087890625"
"-0,302703430175781";"-29,2085558176041";"29,1875"
"-0,306079620361328";"-29,3097570538521";"29,287109375"
"-0,304103515625";"-29,4089857488871";"29,38671875"
"-0,302571594238281";"-29,5087359845638";"29,486328125"
"-0,304097961425781";"-29,6085141599178";"29,5859375"
"-0,301795806884766";"-29,7086555510759";"29,685546875"
"-0,302830139160156";"-29,8067256808281";"29,78515625"
"-0,298289581298828";"-29,9057550728321";"29,884765625"
"-0,299984100341797";"-30,0055835396051";"29,984375"
"-0,303162261962891";"-30,105646699667";"30,083984375"
"-0,307917114257812";"-30,2059724926949";"30,18359375"
"-0,307846008300781";"-30,3053371608257";"30,283203125"
"-0,30414306640625";"-30,4040443152189";"30,3828125"
"-0,300740509033203";"-30,5025782436132";"30,482421875"
"-0,305882446289063";"-30,6030604988337";"30,58203125"
"-0,304557281494141";"-30,7033341377974";"30,681640625"
"-0,309532958984375";"-30,8024901896715";"30,78125"
"-0,304676330566406";"-30,9030059725046";"30,880859375"
"-0,306764617919922";"-31,0016795992851";"30,98046875"
"-0,309299499511719";"-31,1019439250231";"31,080078125"
"-0,31218115234375";"-31,202657148242";"31,1796875"
"-0,311247314453125";"-31,3023552298546";"31,279296875"
"-0,309328186035156";"-31,4015187323093";"31,37890625"
"-0,307934661865234";"-31,5013900399208";"31,478515625"
"-0,307522399902344";"-31,5998494625092";"31,578125"
"-0,310692138671875";"-31,6994413733482";"31,677734375"
"-0,306048461914062";"-31,7976213991642";"31,77734375"
"-0,312259704589844";"-31,8992361426353";"31,876953125"
"-0,313128753662109";"-31,9982431828976";"31,9765625"
"-0,309430572509766";"-32,099686563015";"32,076171875"
"-0,314315673828125";"-32,1984961628914";"32,17578125"
"-0,312874694824219";"-32,2987027466297";"32,275390625"
"-0,315249450683594";"-32,3987193405628";"32,375"
"-0,312275665283203";"-32,4971787631512";"32,474609375"
"-0,315574157714844";"-32,5956456363201";"32,57421875"
"-0,315743438720703";"-32,6960235834122";"32,673828125"
"-0,312827850341797";"-32,7945463359356";"32,7734375"
"-0,317732604980469";"-32,8967906534672";"32,873046875"
"-0,314021423339844";"-32,9943634569645";"32,97265625"
"-0,313889007568359";"-33,095445483923";"33,072265625"
"-0,316740600585938";"-33,1954434514046";"33,171875"
"-0,310417449951172";"-33,2934595644474";"33,271484375"
"-0,313251892089844";"-33,3927609026432";"33,37109375"
"-0,315573486328125";"-33,4921702742577";"33,470703125"
"-0,317536163330078";"-33,5914604365826";"33,5703125"
"-0,317324127197266";"-33,6918346583843";"33,669921875"
"-0,317429138183594";"-33,7917357683182";"33,76953125"
"-0,322214630126953";"-33,8916778564453";"33,869140625"
"-0,312679290771484";"-33,9916236698627";"33,96875"
"-0,320488037109375";"-34,091267734766";"34,068359375"
"-0,317281707763672";"-34,1910943388939";"34,16796875"
"-0,317946868896484";"-34,291859716177";"34,267578125"
"-0,323222045898438";"-34,3917831778526";"34,3671875"
"-0,316561889648438";"-34,4896912574768";"34,466796875"
"-0,3214228515625";"-34,5897749066353";"34,56640625"
"-0,320490936279297";"-34,6900969743729";"34,666015625"
"-0,315351806640625";"-34,7883030772209";"34,765625"
"-0,316784057617188";"-34,8886176943779";"34,865234375"
"-0,3180380859375";"-34,9872410297394";"34,96484375"
"-0,0451703186035156";"-34,9254868924618";"35,064453125"
"-0,0447675018310547";"-34,8272770643234";"35,1640625"
"-0,0441876068115234";"-34,7252227365971";"35,263671875"
"-0,0442393493652344";"-34,6269011497498";"35,36328125"
"-0,0443934097290039";"-34,5269478857517";"35,462890625"
"-0,0429344940185547";"-34,4273597002029";"35,5625"
"-0,043931324005127";"-34,3280322849751";"35,662109375"
"-0,0432560577392578";"-34,2291183769703";"35,76171875"
"-0,0429654693603516";"-34,1281518340111";"35,861328125"
"-0,0429519805908203";"-34,0280719101429";"35,9609375"
"-0,0417290992736816";"-33,9277200400829";"36,060546875"
"-0,0435308570861816";"-33,830389380455";"36,16015625"
"-0,0444079933166504";"-33,7295383214951";"36,259765625"
"-0,0444424705505371";"-33,629234880209";"36,359375"
"-0,0454431381225586";"-33,5305966436863";"36,458984375"
"-0,0438555335998535";"-33,4315486252308";"36,55859375"
"-0,043557731628418";"-33,329926431179";"36,658203125"
"-0,0435316390991211";"-33,229898661375";"36,7578125"
"-0,0430051803588867";"-33,133290708065";"36,857421875"
"-0,0440737037658691";"-33,0328308045864";"36,95703125"
"-0,042282642364502";"-32,9323671758175";"37,056640625"
"-0,0437389678955078";"-32,8319557011127";"37,15625"
"-0,0438596115112305";"-32,7323414385319";"37,255859375"
"-0,0422039451599121";"-32,6325334608555";"37,35546875"
"-0,0418161430358887";"-32,5336381793022";"37,455078125"
"-0,0420537414550781";"-32,433956861496";"37,5546875"
"-0,0447189445495605";"-32,336100935936";"37,654296875"
"-0,0431628913879395";"-32,2349034249783";"37,75390625"
"-0,0443516654968262";"-32,135184854269";"37,853515625"
"-0,0423702774047852";"-32,0359356701374";"37,953125"
"-0,0433672981262207";"-31,9355763494968";"38,052734375"
"-0,0417089653015137";"-31,835999339819";"38,15234375"
"-0,0443564186096191";"-31,7381657660007";"38,251953125"
"-0,0428922271728516";"-31,6376350820065";"38,3515625"
"-0,0431551055908203";"-31,5372198820114";"38,451171875"
"-0,0419016571044922";"-31,4378999173641";"38,55078125"
"-0,0415332412719727";"-31,3381515443325";"38,650390625"
"-0,0429862174987793";"-31,2390066683292";"38,75"
"-0,0435523681640625";"-31,1398822814226";"38,849609375"
"-0,0433342895507813";"-31,0387182980776";"38,94921875"
"-0,0425455703735352";"-30,940480530262";"39,048828125"
"-0,0418436164855957";"-30,8396201580763";"39,1484375"
"-0,0424725761413574";"-30,7397320866585";"39,248046875"
"-0,042615234375";"-30,6404270231724";"39,34765625"
"-0,0435656509399414";"-30,5409990251064";"39,447265625"
"-0,0420518608093262";"-30,4418206214905";"39,546875"
"-0,0427254295349121";"-30,3399730473757";"39,646484375"
"-0,0426243629455566";"-30,2418451756239";"39,74609375"
"-0,0431238288879395";"-30,1410257816315";"39,845703125"
"-0,0433764228820801";"-30,0423111766577";"39,9453125"
"-0,0416605911254883";"-29,9418475478888";"40,044921875"
"-0,0437629776000977";"-29,844094067812";"40,14453125"
"-0,0430409049987793";"-29,7434609383345";"40,244140625"
"-0,0426743011474609";"-29,6446662396193";"40,34375"
"-0,0426062202453613";"-29,5433010905981";"40,443359375"
"-0,0412039642333984";"-29,4458977878094";"40,54296875"
"-0,0424308319091797";"-29,345391318202";"40,642578125"
"-0,0421281356811523";"-29,2467381805182";"40,7421875"
"-0,0407221908569336";"-29,1464328765869";"40,841796875"
"-0,0424999389648437";"-29,0474854409695";"40,94140625"
"-0,0427856101989746";"-28,9466194808483";"41,041015625"
"-0,0416295776367187";"-28,8476813584566";"41,140625"
"-0,0423080673217773";"-28,7474635988474";"41,240234375"
"-0,0430861320495605";"-28,6471266299486";"41,33984375"
"-0,0400252075195313";"-28,5487379878759";"41,439453125"
"-0,042997615814209";"-28,4490957856178";"41,5390625"
"-0,0407234954833984";"-28,3478945493698";"41,638671875"
"-0,0402824935913086";"-28,248256072402";"41,73828125"
"-0,0424701156616211";"-28,1502511352301";"41,837890625"
"-0,0416074523925781";"-28,0494950711727";"41,9375"
"-0,0416164283752441";"-27,9510878026485";"42,037109375"
"-0,0419555053710938";"-27,8520751744509";"42,13671875"
"-0,0399569053649902";"-27,7491435408592";"42,236328125"
"-0,0411398887634277";"-27,6501998305321";"42,3359375"
"-0,0419958305358887";"-27,5527946650982";"42,435546875"
"-0,0416545181274414";"-27,4528786540031";"42,53515625"
"-0,0413618240356445";"-27,3529253900051";"42,634765625"
"-0,0414605827331543";"-27,2523537278175";"42,734375"
"-0,0423518943786621";"-27,1543096750975";"42,833984375"
"-0,041303150177002";"-27,0541608333588";"42,93359375"
"-0,0422001266479492";"-26,9532687962055";"43,033203125"
"-0,040262565612793";"-26,8538221716881";"43,1328125"
"-0,040768684387207";"-26,7530884593725";"43,232421875"
"-0,039925724029541";"-26,6559347510338";"43,33203125"
"-0,040816291809082";"-26,5549924224615";"43,431640625"
"-0,0396750679016113";"-26,4560338109732";"43,53125"
"-0,0401035499572754";"-26,3565015047789";"43,630859375"
"-0,0402508125305176";"-26,2557920068502";"43,73046875"
"-0,0406239547729492";"-26,1577181518078";"43,830078125"
"-0,0417954292297363";"-26,0586049407721";"43,9296875"
"-0,0403324508666992";"-25,957340374589";"44,029296875"
"-0,0409791450500488";"-25,8592627942562";"44,12890625"
"-0,0417106781005859";"-25,760592892766";"44,228515625"
"-0,0406060943603516";"-25,6583075970411";"44,328125"
"-0,0397986373901367";"-25,5598984658718";"44,427734375"
"-0,040385181427002";"-25,460209697485";"44,52734375"
"-0,0403015518188477";"-25,3604967147112";"44,626953125"
"-0,038831958770752";"-25,2602845430374";"44,7265625"
"-0,0405048561096191";"-25,1606814563274";"44,826171875"
"-0,0404724464416504";"-25,0623971223831";"44,92578125"
"-0,0396338653564453";"-24,9627269804478";"45,025390625"
"-0,0406249618530273";"-24,8617865145206";"45,125"
"-0,0394176139831543";"-24,7609037905931";"45,224609375"
"-0,0401671409606934";"-24,6625561267138";"45,32421875"
"-0,0387855987548828";"-24,5617926120758";"45,423828125"
"-0,0385169143676758";"-24,4636479765177";"45,5234375"
"-0,03977294921875";"-24,3629049509764";"45,623046875"
"-0,0382570724487305";"-24,2639929056168";"45,72265625"
"-0,0397243156433105";"-24,1642650216818";"45,822265625"
"-0,0389218902587891";"-24,0633822977543";"45,921875"
"-0,0391594696044922";"-23,9652115851641";"46,021484375"
"-0,0402278099060059";"-23,8641127943993";"46,12109375"
"-0,0395889205932617";"-23,7661059945822";"46,220703125"
"-0,0388997993469238";"-23,666450753808";"46,3203125"
"-0,0384412689208984";"-23,5675554722548";"46,419921875"
"-0,0378108215332031";"-23,4661549329758";"46,51953125"
"-0,0385577964782715";"-23,3674198389053";"46,619140625"
"-0,0373496475219727";"-23,2653617858887";"46,71875"
"-0,0388151016235352";"-23,1679547578096";"46,818359375"
"-0,0382051239013672";"-23,0656433850527";"46,91796875"
"-0,037327522277832";"-22,9668412357569";"47,017578125"
"-0,0379356002807617";"-22,8676162660122";"47,1171875"
"-0,0378536071777344";"-22,7661449462175";"47,216796875"
"-0,0384698066711426";"-22,6694047451019";"47,31640625"
"-0,0385762939453125";"-22,571038454771";"47,416015625"
"-0,0373525543212891";"-22,46986143291";"47,515625"
"-0,0404387168884277";"-22,3704036325216";"47,615234375"
"-0,0344528274536133";"-22,2701840102673";"47,71484375"
"-0,0384666938781738";"-22,1706833690405";"47,814453125"
"-0,0373602294921875";"-22,070337086916";"47,9140625"
"-0,0367891044616699";"-21,9713281840086";"48,013671875"
"-0,0385382385253906";"-21,8710899353027";"48,11328125"
"-0,0386948890686035";"-21,7710603028536";"48,212890625"
"-0,0373834571838379";"-21,6736793518066";"48,3125"
"-0,0384122886657715";"-21,5743817389011";"48,412109375"
"-0,0363763046264648";"-21,4741565287113";"48,51171875"
"-0,0380341911315918";"-21,3749893009663";"48,611328125"
"-0,0359914627075195";"-21,2747156620026";"48,7109375"
"-0,036411491394043";"-21,1753360927105";"48,810546875"
"-0,0371703681945801";"-21,0764706134796";"48,91015625"
"-0,0369529609680176";"-20,9750588983297";"49,009765625"
"-0,0383675079345703";"-20,8767969161272";"49,109375"
"-0,035979076385498";"-20,7755770534277";"49,208984375"
"-0,0378095932006836";"-20,6767842173576";"49,30859375"
"-0,0366545829772949";"-20,5782223492861";"49,408203125"
"-0,0366294746398926";"-20,4778201878071";"49,5078125"
"-0,0378201522827148";"-20,3777737915516";"49,607421875"
"-0,0357861633300781";"-20,2780421823263";"49,70703125"
"-0,0363042373657227";"-20,1789382845163";"49,806640625"
"-0,0363786163330078";"-20,0786422938108";"49,90625"
"-0,0365381317138672";"-19,9806485325098";"50,005859375"
"-0,0354156074523926";"-19,8797434568405";"50,10546875"
"-0,0351029815673828";"-19,7816584259272";"50,205078125"
"-0,0357226295471191";"-19,6819361299276";"50,3046875"
"-0,034965389251709";"-19,5797756314278";"50,404296875"
"-0,0356559448242188";"-19,4798521697521";"50,50390625"
"-0,0370118217468262";"-19,3818956613541";"50,603515625"
"-0,036249813079834";"-19,281480461359";"50,703125"
"-0,036090015411377";"-19,1824063658714";"50,802734375"
"-0,0361760139465332";"-19,0835706889629";"50,90234375"
"-0,0345540962219238";"-18,9835410565138";"51,001953125"
"-0,0356760635375977";"-18,8839230686426";"51,1015625"
"-0,0366384544372559";"-18,7842026352882";"51,201171875"
"-0,0350123443603516";"-18,6834149062634";"51,30078125"
"-0,0342077560424805";"-18,5847897082567";"51,400390625"
"-0,0350184173583984";"-18,4832531958818";"51,5"
"-0,0363695793151856";"-18,3851644396782";"51,599609375"
"-0,035503303527832";"-18,2874072343111";"51,69921875"
"-0,0349123954772949";"-18,1862041354179";"51,798828125"
"-0,0349343566894531";"-18,0878974497318";"51,8984375"
"-0,034582893371582";"-17,9872680455446";"51,998046875"
"-0,0347018623352051";"-17,8865455091";"52,09765625"
"-0,035431941986084";"-17,7883058786392";"52,197265625"
"-0,0356455345153809";"-17,6899544894695";"52,296875"
"-0,0350117683410645";"-17,58973300457";"52,396484375"
"-0,0361631050109863";"-17,4885522574186";"52,49609375"
"-0,0333658065795898";"-17,3895079642534";"52,595703125"
"-0,0338404235839844";"-17,2918923199177";"52,6953125"
"-0,0334444847106934";"-17,1909127384424";"52,794921875"
"-0,0338444671630859";"-17,0904025435448";"52,89453125"
"-0,0343533973693848";"-16,9917587190866";"52,994140625"
"-0,0338835639953613";"-16,8909039348364";"53,09375"
"-0,0336625442504883";"-16,7912002652884";"53,193359375"
"-0,0349486045837402";"-16,6924949735403";"53,29296875"
"-0,0337816200256348";"-16,5930893272161";"53,392578125"
"-0,0337921829223633";"-16,4936203509569";"53,4921875"
"-0,0327521018981934";"-16,3959842175245";"53,591796875"
"-0,0334090385437012";"-16,2956658750772";"53,69140625"
"-0,0344953498840332";"-16,1946341395378";"53,791015625"
"-0,0334055366516113";"-16,0945970565081";"53,890625"
"-0,033717342376709";"-15,9943141043186";"53,990234375"
"-0,0329850044250488";"-15,8962607383728";"54,08984375"
"-0,0330785102844238";"-15,7949794083834";"54,189453125"
"-0,0342644195556641";"-15,6957283616066";"54,2890625"
"-0,0318485488891602";"-15,595412813127";"54,388671875"
"-0,0337735748291016";"-15,4983475804329";"54,48828125"
"-0,0346761207580566";"-15,39590023458";"54,587890625"
"-0,0336835517883301";"-15,2980349957943";"54,6875"
"-0,0325151901245117";"-15,1973040774465";"54,787109375"
"-0,032551212310791";"-15,0980362668633";"54,88671875"
"-0,0325398902893066";"-14,9987526237965";"54,986328125"
"-0,0322775726318359";"-14,8978689685464";"55,0859375"
"-0,0329845962524414";"-14,7981038317084";"55,185546875"
"-0,0334353370666504";"-14,6994227543473";"55,28515625"
"-0,032383129119873";"-14,6011048927903";"55,384765625"
"-0,0317887401580811";"-14,4981369376183";"55,484375"
"-0,0322444534301758";"-14,4000621512532";"55,583984375"
"-0,0333403968811035";"-14,3011631444097";"55,68359375"
"-0,0347866859436035";"-14,2006557434797";"55,783203125"
"-0,0315302429199219";"-14,1010209918022";"55,8828125"
"-0,0316887531280518";"-14,0012837946415";"55,982421875"
"-0,0328514366149902";"-13,9031847938895";"56,08203125"
"-0,0329378814697266";"-13,8034587725997";"56,181640625"
"-0,0332215614318848";"-13,7030184268951";"56,28125"
"-0,0327780456542969";"-13,6031936854124";"56,380859375"
"-0,033127124786377";"-13,5029349476099";"56,48046875"
"-0,0328506698608398";"-13,4043619036674";"56,580078125"
"-0,0314560527801514";"-13,305151835084";"56,6796875"
"-0,0323129081726074";"-13,2065154612064";"56,779296875"
"-0,0311851119995117";"-13,1061300635338";"56,87890625"
"-0,0322629318237305";"-13,0075514316559";"56,978515625"
"-0,0311320648193359";"-12,9048088565469";"57,078125"
"-0,0316330223083496";"-12,8061464056373";"57,177734375"
"-0,032140983581543";"-12,7058727666736";"57,27734375"
"-0,030508358001709";"-12,6049313694239";"57,376953125"
"-0,0347872619628906";"-12,5079993158579";"57,4765625"
"-0,0316003704071045";"-12,4084642156959";"57,576171875"
"-0,0308063430786133";"-12,3081589117646";"57,67578125"
"-0,0321535949707031";"-12,2082876041532";"57,775390625"
"-0,0309941730499268";"-12,1095003560185";"57,875"
"-0,0306677436828613";"-12,010408565402";"57,974609375"
"-0,0324869537353516";"-11,9105065241456";"58,07421875"
"-0,0304932518005371";"-11,8105448782444";"58,173828125"
"-0,0312979526519775";"-11,7112146690488";"58,2734375"
"-0,03039035987854";"-11,6124646738172";"58,373046875"
"-0,0304136981964111";"-11,5115037187934";"58,47265625"
"-0,0327300643920898";"-11,4117367193103";"58,572265625"
"-0,0324042129516602";"-11,3127063959837";"58,671875"
"-0,0321378746032715";"-11,2120825797319";"58,771484375"
"-0,031754114151001";"-11,1138159409165";"58,87109375"
"-0,0318116874694824";"-11,0146682709455";"58,970703125"
"-0,0315817260742188";"-10,9133226796985";"59,0703125"
"-0,0321144790649414";"-10,8148939907551";"59,169921875"
"-0,0324454727172852";"-10,7153365388513";"59,26953125"
"-0,0302962036132812";"-10,613365098834";"59,369140625"
"-0,0314774360656738";"-10,5156907811761";"59,46875"
"-0,0317175312042236";"-10,4173505678773";"59,568359375"
"-0,0305375823974609";"-10,3153111413121";"59,66796875"
"-0,0318136806488037";"-10,2156223729253";"59,767578125"
"-0,0322207260131836";"-10,1161226630211";"59,8671875"
"-0,0299356498718262";"-10,0175747647882";"59,966796875"
"-0,0320184059143066";"-9,91732440888882";"60,06640625"
"-0,0317853870391846";"-9,81645286083221";"60,166015625"
"-0,0302972640991211";"-9,71657130867243";"60,265625"
"-0,0309172077178955";"-9,6182469278574";"60,365234375"
"-0,0301720390319824";"-9,51787270605564";"60,46484375"
"-0,0300562381744385";"-9,41968243569136";"60,564453125"
"-0,030991491317749";"-9,32075176388025";"60,6640625"
"-0,0291222705841064";"-9,21942666172981";"60,763671875"
"-0,0304211483001709";"-9,12100169807673";"60,86328125"
"-0,0310358028411865";"-9,02115553617477";"60,962890625"
"-0,031604320526123";"-8,92062578350306";"61,0625"
"-0,0305412521362305";"-8,82118474692106";"61,162109375"
"-0,028121639251709";"-8,7231732904911";"61,26171875"
"-0,0299937839508057";"-8,62387754023075";"61,361328125"
"-0,0288679828643799";"-8,52237921208143";"61,4609375"
"-0,0296316108703613";"-8,42560082674026";"61,560546875"
"-0,0294912052154541";"-8,32521449774504";"61,66015625"
"-0,0288386821746826";"-8,22389032691717";"61,759765625"
"-0,0295911731719971";"-8,12455732375383";"61,859375"
"-0,030831880569458";"-8,02487600594759";"61,958984375"
"-0,0325443954467773";"-7,92549178004265";"62,05859375"
"-0,0294214859008789";"-7,82606285065413";"62,158203125"
"-0,0301434097290039";"-7,72661296650767";"62,2578125"
"-0,0286452655792236";"-7,62683385983109";"62,357421875"
"-0,0304057636260986";"-7,52754742279649";"62,45703125"
"-0,0293483219146729";"-7,42661161348224";"62,556640625"
"-0,0295474185943604";"-7,32668861746788";"62,65625"
"-0,0295984191894531";"-7,22751254215837";"62,755859375"
"-0,029337574005127";"-7,1278135292232";"62,85546875"
"-0,0299588413238525";"-7,02782860025764";"62,955078125"
"-0,0292055130004883";"-6,92912330850959";"63,0546875"
"-0,0306947898864746";"-6,82988250628114";"63,154296875"
"-0,0279517478942871";"-6,72979233786464";"63,25390625"
"-0,0288883972167969";"-6,6288891248405";"63,353515625"
"-0,0290540790557861";"-6,53110211715102";"63,453125"
"-0,0289820690155029";"-6,43056631088257";"63,552734375"
"-0,0282635173797607";"-6,33167941123247";"63,65234375"
"-0,0295504188537598";"-6,23040832579136";"63,751953125"
"-0,029335823059082";"-6,13135332241654";"63,8515625"
"-0,0292564926147461";"-6,03196118026972";"63,951171875"
"-0,030378438949585";"-5,93486847355962";"64,05078125"
"-0,0276345767974854";"-5,83338690921664";"64,150390625"
"-0,0297878875732422";"-5,73425553739071";"64,25"
"-0,0288589477539062";"-5,63480705022812";"64,349609375"
"-0,0283790016174316";"-5,53410174325109";"64,44921875"
"-0,0277970542907715";"-5,43567864224315";"64,548828125"
"-0,028898120880127";"-5,33404806628823";"64,6484375"
"-0,0286556777954102";"-5,23500423878431";"64,748046875"
"-0,0290935115814209";"-5,13471616432071";"64,84765625"
"-0,0285955333709717";"-5,03605091944337";"64,947265625"
"-0,0283310012817383";"-4,93506342172623";"65,046875"
"-0,0292581882476807";"-4,8354403115809";"65,146484375"
"-0,0268084182739258";"-4,7360653989017";"65,24609375"
"-0,0298696193695068";"-4,63818153366446";"65,345703125"
"-0,0286027793884277";"-4,53807460144162";"65,4453125"
"-0,0288821392059326";"-4,43720258772373";"65,544921875"
"-0,028146505355835";"-4,33793989941478";"65,64453125"
"-0,0276423244476318";"-4,23848582431674";"65,744140625"
"-0,0282865200042725";"-4,14013024419546";"65,84375"
"-0,0276417846679687";"-4,03911620378494";"65,943359375"
"-0,0281765117645264";"-3,94016085192561";"66,04296875"
"-0,0284454784393311";"-3,83973238058388";"66,142578125"
"-0,0269041957855225";"-3,73973278328776";"66,2421875"
"-0,0273324928283691";"-3,64025612361729";"66,341796875"
"-0,0290583629608154";"-3,54095711372793";"66,44140625"
"-0,0282643356323242";"-3,4427575301379";"66,541015625"
"-0,0255037097930908";"-3,34173277951777";"66,640625"
"-0,0272220191955566";"-3,24335298500955";"66,740234375"
"-0,0294017601013184";"-3,14328633248806";"66,83984375"
"-0,0290234565734863";"-3,04364529438317";"66,939453125"
"-0,0284629878997803";"-2,94294371269643";"67,0390625"
"-0,0277408218383789";"-2,84349010325968";"67,138671875"
"-0,0259521598815918";"-2,74444208480418";"67,23828125"
"-0,0279467926025391";"-2,64572934247553";"67,337890625"
"-0,0273230304718018";"-2,54412926733494";"67,4375"
"-0,026687141418457";"-2,44458252564073";"67,537109375"
"-0,0267447910308838";"-2,34631495550275";"67,63671875"
"-0,0264679641723633";"-2,24634609185159";"67,736328125"
"-0,0273695220947266";"-2,14649667032063";"67,8359375"
"-0,0272456378936768";"-2,04763095825911";"67,935546875"
"-0,0265974178314209";"-1,94743473548442";"68,03515625"
"-0,0262093353271484";"-1,84746063314378";"68,134765625"
"-0,0265890731811523";"-1,74668407998979";"68,234375"
"-0,024878568649292";"-1,64702697657049";"68,333984375"
"-0,0246815757751465";"-1,54827139340341";"68,43359375"
"-0,0265384654998779";"-1,44907331559807";"68,533203125"
"-0,0262280731201172";"-1,34984089527279";"68,6328125"
"-0,025964900970459";"-1,25007308088243";"68,732421875"
"-0,0258724765777588";"-1,14938034676015";"68,83203125"
"-0,0263595771789551";"-1,05012964922935";"68,931640625"
"-0,0255603351593018";"-0,949127017520368";"69,03125"
"-0,0255042686462402";"-0,850879529025406";"69,130859375"
"-0,0257541790008545";"-0,752982625272125";"69,23046875"
"-0,026885066986084";"-0,651285576168448";"69,330078125"
"-0,0253632469177246";"-0,553105550352484";"69,4296875"
"-0,023628511428833";"-0,452732812846079";"69,529296875"
"-0,0264579048156738";"-0,354066462023184";"69,62890625"
"-0,0232730617523193";"-0,254263315582648";"69,728515625"
"-0,00994998931884766";"-0,155945264850743";"69,828125"
"0,0230142478942871";"-0,0571574637433514";"69,927734375"
"-0,09084716796875";"-0,0766235971241258";"70,02734375"
"-0,345857177734375";"-0,271834025625139";"70,126953125"
"-0,341203186035156";"-0,471814506454393";"70,2265625"
"-0,333235504150391";"-0,668434950057417";"70,326171875"
"-0,337104583740234";"-0,870541611220688";"70,42578125"
"-0,336574188232422";"-1,06999813579023";"70,525390625"
"-0,329785400390625";"-1,26757856924087";"70,625"
"-0,331263732910156";"-1,46644841879606";"70,724609375"
"-0,331015014648438";"-1,66656356304884";"70,82421875"
"-0,332363189697266";"-1,86571013182402";"70,923828125"
"-0,332131866455078";"-2,06428719684482";"71,0234375"
"-0,337012725830078";"-2,26482446305454";"71,123046875"
"-0,3323369140625";"-2,46367580257356";"71,22265625"
"-0,338432373046875";"-2,66336323693395";"71,322265625"
"-0,334367218017578";"-2,8622136451304";"71,421875"
"-0,335408935546875";"-3,06013273075223";"71,521484375"
"-0,335817138671875";"-3,26005578972399";"71,62109375"
"-0,331718292236328";"-3,45833413302898";"71,720703125"
"-0,332997619628906";"-3,6581342574209";"71,8203125"
"-0,335280181884766";"-3,8585455622524";"71,919921875"
"-0,333936492919922";"-4,05805045738816";"72,01953125"
"-0,333795166015625";"-4,25669737160206";"72,119140625"
"-0,334812591552734";"-4,4568469747901";"72,21875"
"-0,336692108154297";"-4,65496070683002";"72,318359375"
"-0,333342163085938";"-4,8522362485528";"72,41796875"
"-0,336860321044922";"-5,05293253809214";"72,517578125"
"-0,34131982421875";"-5,25214150547981";"72,6171875"
"-0,336850463867188";"-5,4504694417119";"72,716796875"
"-0,339559356689453";"-5,65037317574024";"72,81640625"
"-0,339610015869141";"-5,85052231326699";"72,916015625"
"-0,341316131591797";"-6,05038087815046";"73,015625"
"-0,341503997802734";"-6,24838890507817";"73,115234375"
"-0,336858062744141";"-6,44776318222284";"73,21484375"
"-0,337644165039063";"-6,64597423747182";"73,314453125"
"-0,339909729003906";"-6,84521067887545";"73,4140625"
"-0,339641082763672";"-7,0450808852911";"73,513671875"
"-0,340782501220703";"-7,24394200369716";"73,61328125"
"-0,3424873046875";"-7,44401570409536";"73,712890625"
"-0,340825439453125";"-7,64340767636895";"73,8125"
"-0,338244079589844";"-7,84075818955898";"73,912109375"
"-0,34393603515625";"-8,04254878312349";"74,01171875"
"-0,342143005371094";"-8,24196916073561";"74,111328125"
"-0,341367004394531";"-8,43922886997461";"74,2109375"
"-0,342191986083984";"-8,64015612751245";"74,310546875"
"-0,342690093994141";"-8,83684027940035";"74,41015625"
"-0,342050659179688";"-9,03675053268671";"74,509765625"
"-0,340746002197266";"-9,23736020922661";"74,609375"
"-0,340717712402344";"-9,43576078861952";"74,708984375"
"-0,345319854736328";"-9,63656976819038";"74,80859375"
"-0,344624145507813";"-9,83461644500494";"74,908203125"
"-0,346738586425781";"-10,0347688421607";"75,0078125"
"-0,346047088623047";"-10,233105160296";"75,107421875"
"-0,343060821533203";"-10,4315793141723";"75,20703125"
"-0,348413360595703";"-10,6325643137097";"75,306640625"
"-0,345581146240234";"-10,832236148417";"75,40625"
"-0,346914215087891";"-11,0319573432207";"75,505859375"
"-0,345998504638672";"-11,2311625853181";"75,60546875"
"-0,345681396484375";"-11,4279231056571";"75,705078125"
"-0,350580322265625";"-11,6265891119838";"75,8046875"
"-0,349081268310547";"-11,8270590901375";"75,904296875"
"-0,346649200439453";"-12,0268939062953";"76,00390625"
"-0,351408660888672";"-12,224699370563";"76,103515625"
"-0,345681335449219";"-12,4239781871438";"76,203125"
"-0,355687774658203";"-12,6245487481356";"76,302734375"
"-0,351107086181641";"-12,8238769248128";"76,40234375"
"-0,348519958496094";"-13,0222337320447";"76,501953125"
"-0,352408813476562";"-13,2223907858133";"76,6015625"
"-0,349888122558594";"-13,4192667901516";"76,701171875"
"-0,350338165283203";"-13,6194927617908";"76,80078125"
"-0,356263427734375";"-13,8190630823374";"76,900390625"
"-0,353858276367188";"-14,0171619132161";"77"
"-0,354205139160156";"-14,217022806406";"77,099609375"
"-0,357593048095703";"-14,4170820713043";"77,19921875"
"-0,357732971191406";"-14,6161830052733";"77,298828125"
"-0,355297546386719";"-14,8147726431489";"77,3984375"
"-0,362405944824219";"-15,0161702185869";"77,498046875"
"-0,356077758789063";"-15,2139654383063";"77,59765625"
"-0,357216491699219";"-15,4154384508729";"77,697265625"
"-0,357503936767578";"-15,6128918752074";"77,796875"
"-0,360326934814453";"-15,8128067851067";"77,896484375"
"-0,357535583496094";"-16,0103403031826";"77,99609375"
"-0,360477386474609";"-16,2119120359421";"78,095703125"
"-0,357221252441406";"-16,409968957305";"78,1953125"
"-0,357879821777344";"-16,6090056300163";"78,294921875"
"-0,362844146728516";"-16,8088413774967";"78,39453125"
"-0,365885009765625";"-17,0087572187185";"78,494140625"
"-0,363379516601562";"-17,206659540534";"78,59375"
"-0,359098663330078";"-17,405753955245";"78,693359375"
"-0,364224212646484";"-17,6064092665911";"78,79296875"
"-0,361640289306641";"-17,8031623363495";"78,892578125"
"-0,363698822021484";"-18,0047638714314";"78,9921875"
"-0,363449981689453";"-18,2037446647882";"79,091796875"
"-0,362603240966797";"-18,4021070599556";"79,19140625"
"-0,367068603515625";"-18,6020378023386";"79,291015625"
"-0,367787414550781";"-18,8006330281496";"79,390625"
"-0,366044921875";"-18,9992766827345";"79,490234375"
"-0,367496643066406";"-19,1987734287977";"79,58984375"
"-0,365563385009766";"-19,3972047418356";"79,689453125"
"-0,367797058105469";"-19,5972695946693";"79,7890625"
"-0,360419097900391";"-19,7960380464792";"79,888671875"
"-0,360453796386719";"-19,9951510876417";"79,98828125"
"-0,368907684326172";"-20,1957318931818";"80,087890625"
"-0,366394134521484";"-20,3939042985439";"80,1875"
"-0,364671722412109";"-20,5931812524796";"80,287109375"
"-0,370078125";"-20,7920223474503";"80,38671875"
"-0,368422882080078";"-20,9922064095736";"80,486328125"
"-0,367904998779297";"-21,1903993040323";"80,5859375"
"-0,368163970947266";"-21,3894229382277";"80,685546875"
"-0,368209991455078";"-21,5902775526047";"80,78515625"
"-0,368759796142578";"-21,7894725501537";"80,884765625"
"-0,373741790771484";"-21,989369764924";"80,984375"
"-0,366813568115234";"-22,1864450722933";"81,083984375"
"-0,368293731689453";"-22,3846025764942";"81,18359375"
"-0,373486541748047";"-22,5859545171261";"81,283203125"
"-0,375261962890625";"-22,7851066738367";"81,3828125"
"-0,374986145019531";"-22,9856222867966";"81,482421875"
"-0,377169769287109";"-23,1845881789923";"81,58203125"
"-0,373631469726563";"-23,3835037797689";"81,681640625"
"-0,372450225830078";"-23,5823802649975";"81,78125"
"-0,374361511230469";"-23,7812846899033";"81,880859375"
"-0,372600219726562";"-23,9795744419098";"81,98046875"
"-0,376752593994141";"-24,1804737597704";"82,080078125"
"-0,379628051757813";"-24,3797861039639";"82,1796875"
"-0,372409637451172";"-24,5770718902349";"82,279296875"
"-0,379030334472656";"-24,7788429260254";"82,37890625"
"-0,377604888916016";"-24,9786078929901";"82,478515625"
"-0,380593719482422";"-25,1763984560966";"82,578125"
"-0,384477996826172";"-25,3769513219595";"82,677734375"
"-0,378961212158203";"-25,5754701793194";"82,77734375"
"-0,385599914550781";"-25,7746689021587";"82,876953125"
"-0,380221527099609";"-25,9738937020302";"82,9765625"
"-0,382128784179687";"-26,1734034866095";"83,076171875"
"-0,383072479248047";"-26,3718292117119";"83,17578125"
"-0,379117095947266";"-26,5709571540356";"83,275390625"
"-0,382331573486328";"-26,7707761377096";"83,375"
"-0,381477386474609";"-26,9696917384863";"83,474609375"
"-0,380540283203125";"-27,1670464426279";"83,57421875"
"-0,382547698974609";"-27,3672603070736";"83,673828125"
"-0,384558929443359";"-27,5673530995846";"83,7734375"
"-0,384708740234375";"-27,7668554335833";"83,873046875"
"-0,380185760498047";"-27,9661174863577";"83,97265625"
"-0,387201965332031";"-28,1662158668041";"84,072265625"
"-0,389115570068359";"-28,363473713398";"84,171875"
"-0,385548370361328";"-28,5646561533213";"84,271484375"
"-0,38325439453125";"-28,763921931386";"84,37109375"
"-0,384989318847656";"-28,9625860750675";"84,470703125"
"-0,388271606445313";"-29,1630290448666";"84,5703125"
"-0,381985870361328";"-29,3607767671347";"84,669921875"
"-0,383846374511719";"-29,5592416077852";"84,76953125"
"-0,386474548339844";"-29,7603067010641";"84,869140625"
"-0,387260101318359";"-29,9579352140427";"84,96875"
"-0,387902740478516";"-30,1574226468801";"85,068359375"
"-0,387197692871094";"-30,3558632731438";"85,16796875"
"-0,39077197265625";"-30,5560920387506";"85,267578125"
"-0,391554748535156";"-30,7559445500374";"85,3671875"
"-0,393640808105469";"-30,9543032199144";"85,466796875"
"-0,394920532226562";"-31,1533734202385";"85,56640625"
"-0,392805419921875";"-31,352061778307";"85,666015625"
"-0,390174011230469";"-31,5507426857948";"85,765625"
"-0,396638092041016";"-31,7508168518543";"85,865234375"
"-0,393988830566406";"-31,9491922855377";"85,96484375"
"-0,395302459716797";"-32,1486666798592";"86,064453125"
"-0,395275451660156";"-32,3479697108269";"86,1640625"
"-0,398367309570313";"-32,5494408607483";"86,263671875"
"-0,396513580322266";"-32,7471047639847";"86,36328125"
"-0,404551879882812";"-32,9465009272099";"86,462890625"
"-0,399837432861328";"-33,1466943025589";"86,5625"
"-0,396918853759766";"-33,3448350429535";"86,662109375"
"-0,404943481445313";"-33,5455760359764";"86,76171875"
"-0,398675323486328";"-33,7424762547016";"86,861328125"
"-0,406750213623047";"-33,9441746473312";"86,9609375"
"-0,402595581054688";"-34,142155200243";"87,060546875"
"-0,402390106201172";"-34,3417376279831";"87,16015625"
"-0,403949005126953";"-34,541018307209";"87,259765625"
"-0,405314056396484";"-34,74036231637";"87,359375"
"-0,4003330078125";"-34,9386744201183";"87,458984375"
"-0,0380937004089355";"-34,8813198506832";"87,55859375"
"-0,0367833671569824";"-34,6769653260708";"87,658203125"
"-0,036858470916748";"-34,4786643981934";"87,7578125"
"-0,0363565063476562";"-34,2801958322525";"87,857421875"
"-0,0381100006103516";"-34,0817458927631";"87,95703125"
"-0,035377311706543";"-33,8819436728954";"88,056640625"
"-0,0375442199707031";"-33,6829088628292";"88,15625"
"-0,0367077255249023";"-33,4838628768921";"88,255859375"
"-0,0369244270324707";"-33,2843028008938";"88,35546875"
"-0,035972484588623";"-33,0840833485126";"88,455078125"
"-0,0371681709289551";"-32,8844301402569";"88,5546875"
"-0,035856086730957";"-32,6870009303093";"88,654296875"
"-0,036844165802002";"-32,4875451624393";"88,75390625"
"-0,0377029571533203";"-32,2871766984463";"88,853515625"
"-0,0359197502136231";"-32,0883207023144";"88,953125"
"-0,0360378265380859";"-31,8888649344444";"89,052734375"
"-0,0382673377990723";"-31,68935328722";"89,15234375"
"-0,0361205444335937";"-31,4903482794762";"89,251953125"
"-0,0356567459106445";"-31,2918312847614";"89,3515625"
"-0,0359794883728027";"-31,0920048505068";"89,451171875"
"-0,0356628379821777";"-30,8929178863764";"89,55078125"
"-0,0371697731018066";"-30,6943692266941";"89,650390625"
"-0,036036075592041";"-30,4944775998592";"89,75"
"-0,0360745010375977";"-30,293757095933";"89,849609375"
"-0,0363156776428223";"-30,0963893532753";"89,94921875"
"-0,0364504928588867";"-29,8966355621815";"90,048828125"
"-0,0358727951049805";"-29,6975001692772";"90,1484375"
"-0,0359452323913574";"-29,4976681470871";"90,248046875"
"-0,0350640716552734";"-29,299171641469";"90,34765625"
"-0,0361840629577637";"-29,0992017835379";"90,447265625"
"-0,0344186096191406";"-28,9006382226944";"90,546875"
"-0,0363440437316895";"-28,7000648677349";"90,646484375"
"-0,0355066375732422";"-28,5029150545597";"90,74609375"
"-0,0351754379272461";"-28,3020082861185";"90,845703125"
"-0,0359805297851562";"-28,1046386808157";"90,9453125"
"-0,0343725090026855";"-27,9046818614006";"91,044921875"
"-0,035054012298584";"-27,7061518281698";"91,14453125"
"-0,0341523818969727";"-27,5084935128689";"91,244140625"
"-0,0353228874206543";"-27,3069255053997";"91,34375"
"-0,0352086486816406";"-27,1074883639812";"91,443359375"
"-0,0336962928771973";"-26,9072819501162";"91,54296875"
"-0,035113525390625";"-26,7093740403652";"91,642578125"
"-0,0352564811706543";"-26,5097785741091";"91,7421875"
"-0,0355366249084473";"-26,3092797249556";"91,841796875"
"-0,0360751724243164";"-26,1120852082968";"91,94140625"
"-0,0341284103393555";"-25,9111486375332";"92,041015625"
"-0,0332840538024902";"-25,714160874486";"92,140625"
"-0,0334210891723633";"-25,5136396735907";"92,240234375"
"-0,0346568412780762";"-25,3125037997961";"92,33984375"
"-0,0337414436340332";"-25,1150298863649";"92,439453125"
"-0,0321600570678711";"-24,9156523495913";"92,5390625"
"-0,0354371604919434";"-24,7176811099052";"92,638671875"
"-0,033080020904541";"-24,5189871639013";"92,73828125"
"-0,0339826393127441";"-24,318864569068";"92,837890625"
"-0,0324151496887207";"-24,1198986768723";"92,9375"
"-0,0334633712768555";"-23,92010204494";"93,037109375"
"-0,0347165565490723";"-23,7204246222973";"93,13671875"
"-0,0316747455596924";"-23,5212650150061";"93,236328125"
"-0,0319966869354248";"-23,3234949409962";"93,3359375"
"-0,0323021240234375";"-23,1229960918427";"93,435546875"
"-0,0318356609344482";"-22,9226592928171";"93,53515625"
"-0,0331004524230957";"-22,7228309959173";"93,634765625"
"-0,0316286277770996";"-22,5242879241705";"93,734375"
"-0,0315550899505615";"-22,3277043551207";"93,833984375"
"-0,03224853515625";"-22,1270192414522";"93,93359375"
"-0,0319406394958496";"-21,9269413501024";"94,033203125"
"-0,0321581382751465";"-21,7292513698339";"94,1328125"
"-0,0324718475341797";"-21,5298384428024";"94,232421875"
"-0,0300851097106934";"-21,331025287509";"94,33203125"
"-0,0320214042663574";"-21,1323946714401";"94,431640625"
"-0,03069287109375";"-20,9322590380907";"94,53125"
"-0,0304090785980225";"-20,7326449453831";"94,630859375"
"-0,0307932872772217";"-20,5353107303381";"94,73046875"
"-0,0305753383636475";"-20,335191860795";"94,830078125"
"-0,0299612617492676";"-20,1330240815878";"94,9296875"
"-0,0297400360107422";"-19,9340973049402";"95,029296875"
"-0,0293712310791016";"-19,7372585535049";"95,12890625"
"-0,0313037071228027";"-19,5375271141529";"95,228515625"
"-0,0297106990814209";"-19,3375218659639";"95,328125"
"-0,0290724830627441";"-19,1409327089787";"95,427734375"
"-0,0295138912200928";"-18,9410280436277";"95,52734375"
"-0,0281014289855957";"-18,7408179044724";"95,626953125"
"-0,0294180221557617";"-18,5390394181013";"95,7265625"
"-0,0291980800628662";"-18,3411128818989";"95,826171875"
"-0,0293935832977295";"-18,1431882083416";"95,92578125"
"-0,0289360618591309";"-17,943698912859";"96,025390625"
"-0,0285036487579346";"-17,743919044733";"96,125"
"-0,0282813053131104";"-17,5451561808586";"96,224609375"
"-0,0285019359588623";"-17,3456538468599";"96,32421875"
"-0,0270724296569824";"-17,14669726789";"96,423828125"
"-0,0279334564208984";"-16,9474203139544";"96,5234375"
"-0,0284093246459961";"-16,7486015707254";"96,623046875"
"-0,0276940135955811";"-16,5495872497559";"96,72265625"
"-0,0284738845825195";"-16,3493882864714";"96,822265625"
"-0,0281005916595459";"-16,1501821130514";"96,921875"
"-0,0279436626434326";"-15,9500874578953";"97,021484375"
"-0,0269298076629639";"-15,7507974654436";"97,12109375"
"-0,0273668766021729";"-15,5515503138304";"97,220703125"
"-0,026013069152832";"-15,3526840731502";"97,3203125"
"-0,0278683013916016";"-15,1536976918578";"97,419921875"
"-0,0275259284973145";"-14,9553762748837";"97,51953125"
"-0,0257256622314453";"-14,7544676437974";"97,619140625"
"-0,0273798599243164";"-14,5565625280142";"97,71875"
"-0,0277011470794678";"-14,356198720634";"97,818359375"
"-0,0286225967407227";"-14,1562661156058";"97,91796875"
"-0,0273545265197754";"-13,9586506411433";"98,017578125"
"-0,0257412528991699";"-13,7594947591424";"98,1171875"
"-0,0263104591369629";"-13,5585851967335";"98,216796875"
"-0,0270758571624756";"-13,359340839088";"98,31640625"
"-0,0277898826599121";"-13,1608759984374";"98,416015625"
"-0,0266137523651123";"-12,9621736705303";"98,515625"
"-0,026554838180542";"-12,7631677314639";"98,615234375"
"-0,0266036396026611";"-12,5629277899861";"98,71484375"
"-0,0274966468811035";"-12,3629365116358";"98,814453125"
"-0,0259815902709961";"-12,163870036602";"98,9140625"
"-0,0262992267608643";"-11,965548619628";"99,013671875"
"-0,0265617294311523";"-11,7656160145998";"99,11328125"
"-0,025588794708252";"-11,5661285817623";"99,212890625"
"-0,0257116374969482";"-11,3672185689211";"99,3125"
"-0,0259705066680908";"-11,1679537221789";"99,412109375"
"-0,0267628021240234";"-10,9684001654387";"99,51171875"
"-0,0249931583404541";"-10,7692508026958";"99,611328125"
"-0,0270235729217529";"-10,5700381100178";"99,7109375"
"-0,02533664894104";"-10,3713739663363";"99,810546875"
"-0,0257588367462158";"-10,1723233237863";"99,91015625"
"-0,0261667556762695";"-9,97281540185213";"100,009765625"
"-0,0269638938903809";"-9,7739826887846";"100,109375"
"-0,0252791500091553";"-9,5745250582695";"100,208984375"
"-0,0251563816070557";"-9,37522482126951";"100,30859375"
"-0,0262464027404785";"-9,17691737413406";"100,408203125"
"-0,026185848236084";"-8,97720735520124";"100,5078125"
"-0,0241542987823486";"-8,77869036048651";"100,607421875"
"-0,0238113670349121";"-8,57838708907366";"100,70703125"
"-0,0243826389312744";"-8,37905611842871";"100,806640625"
"-0,025534481048584";"-8,17952025681734";"100,90625"
"-0,0234566631317139";"-7,98148661851883";"101,005859375"
"-0,0242453994750977";"-7,78091978281736";"101,10546875"
"-0,0234916248321533";"-7,58297462016344";"101,205078125"
"-0,0246358108520508";"-7,38349463790655";"101,3046875"
"-0,022516716003418";"-7,18250358477235";"101,404296875"
"-0,0233607368469238";"-6,9835358299315";"101,50390625"
"-0,0233491516113281";"-6,78628263995051";"101,603515625"
"-0,023594554901123";"-6,58716866746545";"101,703125"
"-0,0233781147003174";"-6,38701627030969";"101,802734375"
"-0,0229316387176514";"-6,18823990225792";"101,90234375"
"-0,0221188735961914";"-5,98880369216204";"102,001953125"
"-0,0218068256378174";"-5,78915234655142";"102,1015625"
"-0,0243449020385742";"-5,59098413214087";"102,201171875"
"-0,0218564643859863";"-5,39043312892318";"102,30078125"
"-0,0217086639404297";"-5,19273523241282";"102,400390625"
"-0,0229921741485596";"-4,99219866469502";"102,5"
"-0,0223116397857666";"-4,79453522711992";"102,599609375"
"-0,0228896923065186";"-4,59443451836705";"102,69921875"
"-0,02386545753479";"-4,39346302300692";"102,798828125"
"-0,0231309795379639";"-4,19589364901185";"102,8984375"
"-0,0230707416534424";"-3,99561692029238";"102,998046875"
"-0,0220886611938477";"-3,79741983488202";"103,09765625"
"-0,0217000026702881";"-3,59865510836244";"103,197265625"
"-0,0210926494598389";"-3,39754531159997";"103,296875"
"-0,0226207637786865";"-3,19832912646234";"103,396484375"
"-0,0213057556152344";"-3,00054321996868";"103,49609375"
"-0,0209879875183105";"-2,80042225494981";"103,595703125"
"-0,0219142818450928";"-2,60101328603923";"103,6953125"
"-0,0209608860015869";"-2,40298081189394";"103,794921875"
"-0,0207432727813721";"-2,20292340964079";"103,89453125"
"-0,0216976547241211";"-2,00400454923511";"103,994140625"
"-0,0212490177154541";"-1,80433737114072";"104,09375"
"-0,0206031093597412";"-1,60578091163188";"104,193359375"
"-0,0193979778289795";"-1,40555843245238";"104,29296875"
"-0,0202477169036865";"-1,20641966350377";"104,392578125"
"-0,0202987155914307";"-1,00816355552524";"104,4921875"
"-0,0198419952392578";"-0,80784090096131";"104,591796875"
"-0,0205316944122314";"-0,609701266512275";"104,69140625"
"-0,0189648189544678";"-0,408681633416563";"104,791015625"
"-0,0115974807739258";"-0,212431099498644";"104,890625"
"0,0212804050445557";"-0,0154258304974064";"104,990234375"
"-0,429597900390625";"-0,430847285315394";"105,08984375"
"-0,429246398925781";"-0,928804045543075";"105,189453125"
"-0,429805480957031";"-1,42569548916072";"105,2890625"
"-0,430805450439453";"-1,92475155927241";"105,388671875"
"-0,428689331054687";"-2,42408295162022";"105,48828125"
"-0,429410552978516";"-2,9220157302916";"105,587890625"
"-0,430134490966797";"-3,41882230713964";"105,6875"
"-0,430601654052734";"-3,91800096258521";"105,787109375"
"-0,435224822998047";"-4,41487086936831";"105,88671875"
"-0,431799652099609";"-4,91471821442246";"105,986328125"
"-0,436917816162109";"-5,4137478582561";"106,0859375"
"-0,435815673828125";"-5,91110903769732";"106,185546875"
"-0,436465209960938";"-6,40835566446185";"106,28515625"
"-0,437803253173828";"-6,9055394269526";"106,384765625"
"-0,437759887695312";"-7,40408385172486";"106,484375"
"-0,439545928955078";"-7,90393073111773";"106,583984375"
"-0,437068603515625";"-8,4015280008316";"106,68359375"
"-0,440161956787109";"-8,89878161251545";"106,783203125"
"-0,440968322753906";"-9,39736235886812";"106,8828125"
"-0,439786224365234";"-9,89504065364599";"106,982421875"
"-0,437933471679687";"-10,3925345465541";"107,08203125"
"-0,442570648193359";"-10,891736485064";"107,181640625"
"-0,439752105712891";"-11,3891456276178";"107,28125"
"-0,44121240234375";"-11,886840686202";"107,380859375"
"-0,442162078857422";"-12,3850842937827";"107,48046875"
"-0,445985168457031";"-12,8833912312984";"107,580078125"
"-0,442880157470703";"-13,3820092305541";"107,6796875"
"-0,445812469482422";"-13,8801643624902";"107,779296875"
"-0,441829467773438";"-14,3758151680231";"107,87890625"
"-0,448739288330078";"-14,8760955780745";"107,978515625"
"-0,442403228759766";"-15,3725631535053";"108,078125"
"-0,446337280273437";"-15,8698875457048";"108,177734375"
"-0,4505556640625";"-16,3693483918905";"108,27734375"
"-0,448386291503906";"-16,867870464921";"108,376953125"
"-0,451873596191406";"-17,3645094037056";"108,4765625"
"-0,448238922119141";"-17,8628955036402";"108,576171875"
"-0,447319671630859";"-18,3613002300262";"108,67578125"
"-0,448823974609375";"-18,8588686287403";"108,775390625"
"-0,446811218261719";"-19,3570908159018";"108,875"
"-0,452011779785156";"-19,8558140546083";"108,974609375"
"-0,448436706542969";"-20,3537903726101";"109,07421875"
"-0,451569030761719";"-20,8519827574492";"109,173828125"
"-0,452807800292969";"-21,3524550199509";"109,2734375"
"-0,451563507080078";"-21,8490622937679";"109,373046875"
"-0,454421997070313";"-22,3473142832518";"109,47265625"
"-0,451110717773438";"-22,8440631181002";"109,572265625"
"-0,453477996826172";"-23,3448259532452";"109,671875"
"-0,452207397460938";"-23,8398835062981";"109,771484375"
"-0,453804046630859";"-24,3392270058393";"109,87109375"
"-0,455567138671875";"-24,8379185795784";"109,970703125"
"-0,457347534179687";"-25,3359451889992";"110,0703125"
"-0,452973968505859";"-25,8331447839737";"110,169921875"
"-0,459654541015625";"-26,333149522543";"110,26953125"
"-0,456099578857422";"-26,8303193151951";"110,369140625"
"-0,460530578613281";"-27,3287259042263";"110,46875"
"-0,457437744140625";"-27,8266277164221";"110,568359375"
"-0,459653564453125";"-28,324207291007";"110,66796875"
"-0,459922760009766";"-28,822960332036";"110,767578125"
"-0,461521270751953";"-29,3203052133322";"110,8671875"
"-0,462439636230469";"-29,8187471926212";"110,966796875"
"-0,462164031982422";"-30,3176399320364";"111,06640625"
"-0,462978454589844";"-30,8144856244326";"111,166015625"
"-0,463905395507813";"-31,3117429614067";"111,265625"
"-0,465068878173828";"-31,8087600171566";"111,365234375"
"-0,465641082763672";"-32,3089137673378";"111,46484375"
"-0,464755950927734";"-32,8081957995892";"111,564453125"
"-0,464749908447266";"-33,3047360181808";"111,6640625"
"-0,467189147949219";"-33,8032729923725";"111,763671875"
"-0,468983917236328";"-34,2987850308418";"111,86328125"
"-0,467004089355469";"-34,7978584468365";"111,962890625"
"-0,0245194702148438";"-34,7332321107388";"112,0625"
"-0,0257411403656006";"-34,233495593071";"112,162109375"
"-0,022885612487793";"-33,7350107729435";"112,26171875"
"-0,0236362037658691";"-33,2353301346302";"112,361328125"
"-0,0263769187927246";"-32,7391251921654";"112,4609375"
"-0,0267154350280762";"-32,2422534227371";"112,560546875"
"-0,0262339420318604";"-31,7428968846798";"112,66015625"
"-0,0255629425048828";"-31,2465094029903";"112,759765625"
"-0,0267839622497559";"-30,7465344667435";"112,859375"
"-0,0246148376464844";"-30,2475802600384";"112,958984375"
"-0,0259379863739014";"-29,7488030046225";"113,05859375"
"-0,0262686233520508";"-29,2519517242908";"113,158203125"
"-0,0261054000854492";"-28,7518408149481";"113,2578125"
"-0,0244720287322998";"-28,2537676393986";"113,357421875"
"-0,0248891868591309";"-27,7579631656408";"113,45703125"
"-0,0233585395812988";"-27,259174734354";"113,556640625"
"-0,024211145401001";"-26,7594307661057";"113,65625"
"-0,0237378482818604";"-26,2628253549337";"113,755859375"
"-0,0240066089630127";"-25,7646944373846";"113,85546875"
"-0,0236316776275635";"-25,265883654356";"113,955078125"
"-0,0237042465209961";"-24,769326671958";"114,0546875"
"-0,0225083904266357";"-24,2711678147316";"114,154296875"
"-0,0223505878448486";"-23,7713120877743";"114,25390625"
"-0,0221419334411621";"-23,2737492769957";"114,353515625"
"-0,0205740146636963";"-22,777209058404";"114,453125"
"-0,0217316303253174";"-22,2773104906082";"114,552734375"
"-0,0195690803527832";"-21,7814277857542";"114,65234375"
"-0,0197776775360107";"-21,2828032672405";"114,751953125"
"-0,0193845844268799";"-20,7840818911791";"114,8515625"
"-0,0182977313995361";"-20,2862247824669";"114,951171875"
"-0,0193321514129639";"-19,7878535836935";"115,05078125"
"-0,0181820430755615";"-19,2904006689787";"115,150390625"
"-0,0172983112335205";"-18,7928434461355";"115,25"
"-0,0174165706634522";"-18,2948652654886";"115,349609375"
"-0,0184727840423584";"-17,7976805716753";"115,44921875"
"-0,0174634342193604";"-17,2972269356251";"115,548828125"
"-0,0168365421295166";"-16,7996380478144";"115,6484375"
"-0,0175992584228516";"-16,302265226841";"115,748046875"
"-0,0169911613464355";"-15,803724527359";"115,84765625"
"-0,0153763217926025";"-15,3053291141987";"115,947265625"
"-0,0145453023910522";"-14,8065974935889";"116,046875"
"-0,0148840436935425";"-14,3096381798387";"116,146484375"
"-0,0149499254226685";"-13,8096129521728";"116,24609375"
"-0,0153398141860962";"-13,3134694769979";"116,345703125"
"-0,0162266387939453";"-12,8144109621644";"116,4453125"
"-0,0140750408172607";"-12,3160826042295";"116,544921875"
"-0,0141219234466553";"-11,8173314258456";"116,64453125"
"-0,0141071901321411";"-11,3187953829765";"116,744140625"
"-0,0133579225540161";"-10,8208144083619";"116,84375"
"-0,0147312316894531";"-10,3252874687314";"116,943359375"
"-0,0146832313537598";"-9,82474163174629";"117,04296875"
"-0,0133909282684326";"-9,32817347347736";"117,142578125"
"-0,0129789304733276";"-8,83136130869389";"117,2421875"
"-0,0127960186004639";"-8,33176448941231";"117,341796875"
"-0,0121821460723877";"-7,83391203731298";"117,44140625"
"-0,0124126482009888";"-7,33407167717814";"117,541015625"
"-0,0129612903594971";"-6,83741364628077";"117,640625"
"-0,0127194080352783";"-6,33987272158265";"117,740234375"
"-0,0118080530166626";"-5,84074249491096";"117,83984375"
"-0,00947620677947998";"-5,34199830144644";"117,939453125"
"-0,0119116344451904";"-4,84477635473013";"118,0390625"
"-0,010204948425293";"-4,34785289689898";"118,138671875"
"-0,0111192655563354";"-3,84796201251447";"118,23828125"
"-0,010601505279541";"-3,35081270895898";"118,337890625"
"-0,0102700290679932";"-2,8511337004602";"118,4375"
"-0,0097189474105835";"-2,35551642253995";"118,537109375"
"-0,00987131118774414";"-1,85544532723725";"118,63671875"
"-0,00949505710601807";"-1,35645363479853";"118,736328125"
"-0,00926386547088623";"-0,860155909322202";"118,8359375"
"-0,00913430023193359";"-0,361552607500926";"118,935546875"
"-0,389651458740234";"-0,187474812264554";"119,03515625"
"-0,449464813232422";"-1,18804699741304";"119,134765625"
"-0,448653961181641";"-2,1834468934685";"119,234375"
"-0,450467681884766";"-3,17989173345268";"119,333984375"
"-0,451123229980469";"-4,17585903778672";"119,43359375"
"-0,453807830810547";"-5,17207104712725";"119,533203125"
"-0,455171081542969";"-6,16610795259476";"119,6328125"
"-0,457296875";"-7,16268457472324";"119,732421875"
"-0,457636779785156";"-8,15991777926683";"119,83203125"
"-0,457853149414063";"-9,15612187236547";"119,931640625"
"-0,459006256103516";"-10,1506961509585";"120,03125"
"-0,460017669677734";"-11,1471982672811";"120,130859375"
"-0,459804748535156";"-12,1442107483745";"120,23046875"
"-0,4623154296875";"-13,139707967639";"120,330078125"
"-0,462953643798828";"-14,1361877322197";"120,4296875"
"-0,464600433349609";"-15,1300737634301";"120,529296875"
"-0,465275756835938";"-16,1279533058405";"120,62890625"
"-0,466800689697266";"-17,1233117580414";"120,728515625"
"-0,467556488037109";"-18,119877204299";"120,828125"
"-0,469538848876953";"-19,1162060946226";"120,927734375"
"-0,469499633789063";"-20,1137587428093";"121,02734375"
"-0,471852081298828";"-21,1087577044964";"121,126953125"
"-0,471585357666016";"-22,1073739230633";"121,2265625"
"-0,471244415283203";"-23,1017656624317";"121,326171875"
"-0,473374237060547";"-24,0988377481699";"121,42578125"
"-0,474072662353516";"-25,0937640666962";"121,525390625"
"-0,473695068359375";"-26,0921828448772";"121,625"
"-0,475702331542969";"-27,0887911319733";"121,724609375"
"-0,476267852783203";"-28,0834753066301";"121,82421875"
"-0,478498107910156";"-29,0807299315929";"121,923828125"
"-0,478247619628906";"-30,0751216709614";"122,0234375"
"-0,478953186035156";"-31,0711078345776";"122,123046875"
"-0,481581512451172";"-32,0671610534191";"122,22265625"
"-0,481198181152344";"-33,0620780587196";"122,322265625"
"-0,483908996582031";"-34,05736759305";"122,421875"
"-0,378040771484375";"-34,9851734936237";"122,521484375"
"-0,00757960605621338";"-34,0668708086014";"122,62109375"
"-0,00696260499954224";"-33,0655686557293";"122,720703125"
"-0,00759759902954102";"-32,0719107985497";"122,8203125"
"-0,00771207714080811";"-31,0758873820305";"122,919921875"
"-0,00831985855102539";"-30,0781950354576";"123,01953125"
"-0,00827366447448731";"-29,0800519287586";"123,119140625"
"-0,00848025131225586";"-28,0834641307592";"123,21875"
"-0,00691311454772949";"-27,0880442112684";"123,318359375"
"-0,00556223106384277";"-26,0917469859123";"123,41796875"
"-0,00363798809051514";"-25,093711912632";"123,517578125"
"-0,00336209321022034";"-24,1005010902882";"123,6171875"
"-0,00268848609924316";"-23,1044888496399";"123,716796875"
"-0,00337906169891357";"-22,1099518239498";"123,81640625"
"-0,00079916787147522";"-21,1123581975698";"123,916015625"
"-0,000142883509397507";"-20,1184786856174";"124,015625"
"0,00029049813747406";"-19,1219691187143";"124,115234375"
"0,00113222742080688";"-18,1257147341967";"124,21484375"
"0,00193163752555847";"-17,1308498829603";"124,314453125"
"0,0035792031288147";"-16,1336455494165";"124,4140625"
"0,00399172306060791";"-15,1351243257523";"124,513671875"
"0,00417230653762817";"-14,1396531835198";"124,61328125"
"0,00449445104598999";"-13,1437294185162";"124,712890625"
"0,00407209634780884";"-12,1481958776712";"124,8125"
"0,00450190162658691";"-11,1505575478077";"124,912109375"
"0,00512974357604981";"-10,1545238867402";"125,01171875"
"0,00787580394744873";"-9,15793236345053";"125,111328125"
"0,00725004816055298";"-8,16340837627649";"125,2109375"
"0,0085866641998291";"-7,16526387259364";"125,310546875"
"0,00754846239089966";"-6,16922881454229";"125,41015625"
"0,00890461730957031";"-5,17348572611809";"125,509765625"
"0,00999497222900391";"-4,17614867910743";"125,609375"
"0,0108110342025757";"-3,17811616696417";"125,708984375"
"0,0109695081710815";"-2,18516238965094";"125,80859375"
"0,0122752227783203";"-1,18714768905193";"125,908203125"
"0,0221843452453613";"-0,192367064300925";"126,0078125"
"-0,474805938720703";"-1,46620778832585";"126,107421875"
"-0,47606689453125";"-3,45889502204955";"126,20703125"
"-0,477959136962891";"-5,4504256695509";"126,306640625"
"-0,480334716796875";"-7,44111696258187";"126,40625"
"-0,480895538330078";"-9,43289138376713";"126,505859375"
"-0,483147308349609";"-11,426611803472";"126,60546875"
"-0,484653839111328";"-13,4170167148113";"126,705078125"
"-0,487167907714844";"-15,4059287160635";"126,8046875"
"-0,489938323974609";"-17,3983592540026";"126,904296875"
"-0,490417541503906";"-19,3915981799364";"127,00390625"
"-0,494328796386719";"-21,3850848376751";"127,103515625"
"-0,494854370117188";"-23,3827605843544";"127,203125"
"-0,496111328125";"-25,3731459379196";"127,302734375"
"-0,499037872314453";"-27,3647047579288";"127,40234375"
"-0,499886840820312";"-29,358047991991";"127,501953125"
"-0,501890777587891";"-31,3475057482719";"127,6015625"
"-0,504269897460938";"-33,3348698914051";"127,701171875"
"-0,000201035290956497";"-34,8347760736942";"127,80078125"
"0,0423096313476563";"-32,8507795929909";"127,900390625"
"0,0415151748657227";"-30,8531709015369";"128"
"0,0428373374938965";"-28,857858851552";"128,099609375"
"0,0444419860839844";"-26,86732634902";"128,19921875"
"0,0471943435668945";"-24,8752646148205";"128,298828125"
"0,0493408355712891";"-22,8819493204355";"128,3984375"
"0,0513945159912109";"-20,8939556032419";"128,498046875"
"0,0527390289306641";"-18,9033970236778";"128,59765625"
"0,0561031150817871";"-16,9111452996731";"128,697265625"
"0,0566334648132324";"-14,9173168465495";"128,796875"
"0,0583163642883301";"-12,9224183037877";"128,896484375"
"0,0573344917297363";"-10,9333181753755";"128,99609375"
"0,0586919670104981";"-8,93742591142654";"129,095703125"
"0,0601933708190918";"-6,94417953491211";"129,1953125"
"0,0614735488891602";"-4,95181838050485";"129,294921875"
"0,0631459426879883";"-2,95864208601415";"129,39453125"
"0,0641029663085937";"-0,965438550338149";"129,494140625"
"-0,492978515625";"-0,855387130286545";"129,59375"
"-0,497645111083984";"-3,84429655969143";"129,693359375"
"-0,499299530029297";"-6,82881381362677";"129,79296875"
"-0,503319274902344";"-9,81515366584063";"129,892578125"
"-0,506218566894531";"-12,8025319427252";"129,9921875"
"-0,508222412109375";"-15,7882031053305";"130,091796875"
"-0,511805725097656";"-18,7764335423708";"130,19140625"
"-0,51477685546875";"-21,7692423611879";"130,291015625"
"-0,515975952148438";"-24,7612819075584";"130,390625"
"-0,518959533691406";"-27,7488138526678";"130,490234375"
"-0,520930358886719";"-30,7345036417246";"130,58984375"
"-0,524500427246094";"-33,7171256542206";"130,689453125"
"0,109136741638184";"-33,594723790884";"130,7890625"
"0,117319122314453";"-30,5972956120968";"130,888671875"
"0,116151824951172";"-27,6035517454147";"130,98828125"
"0,11988166809082";"-24,6163699775934";"131,087890625"
"0,124941513061523";"-21,6310080140829";"131,1875"
"0,129968032836914";"-18,6481103301048";"131,287109375"
"0,134191040039063";"-15,659274533391";"131,38671875"
"0,132669830322266";"-12,6689905300736";"131,486328125"
"0,133550979614258";"-9,67599730938673";"131,5859375"
"0,134588348388672";"-6,68735895305872";"131,685546875"
"0,136681457519531";"-3,69630916975439";"131,78515625"
"0,137543014526367";"-0,707479193806648";"131,884765625"
"-0,513960510253906";"-2,7418490499258";"131,984375"
"-0,516023620605469";"-6,72519439831376";"132,083984375"
"-0,519420776367188";"-10,7077583670616";"132,18359375"
"-0,525537109375";"-14,6868899464607";"132,283203125"
"-0,529389831542969";"-18,6698921024799";"132,3828125"
"-0,531960266113281";"-22,6594116538763";"132,482421875"
"-0,534768249511719";"-26,6488753259182";"132,58203125"
"-0,538113891601563";"-30,630998313427";"132,681640625"
"-0,542844909667969";"-34,605223685503";"132,78125"
"0,208179595947266";"-31,8345054984093";"132,880859375"
"0,209074829101562";"-27,8361607342958";"132,98046875"
"0,212402740478516";"-23,8564722239971";"133,080078125"
"0,22205712890625";"-19,8768321424723";"133,1796875"
"0,227750106811523";"-15,8964693546295";"133,279296875"
"0,226037078857422";"-11,9039500132203";"133,37890625"
"0,229040512084961";"-7,92060606181622";"133,478515625"
"0,229010345458984";"-3,92975984141231";"133,578125"
"0,0649350128173828";"-0,0954692804953083";"133,677734375"
"-0,536004699707031";"-4,55323839560151";"133,77734375"
"-0,537781555175781";"-9,53130796551704";"133,876953125"
"-0,542933532714844";"-14,5044010132551";"133,9765625"
"-0,548591125488281";"-19,4839760661125";"134,076171875"
"-0,548855651855469";"-24,47509765625";"134,17578125"
"-0,552756286621094";"-29,4576063752174";"134,275390625"
"-0,561748352050781";"-34,4225242733955";"134,375"
"0,330627746582031";"-31,1413612216711";"134,474609375"
"0,325337677001953";"-26,143055409193";"134,57421875"
"0,335904113769531";"-21,1726650595665";"134,673828125"
"0,346646820068359";"-16,1986090242863";"134,7734375"
"0,341779815673828";"-11,2099880352616";"134,873046875"
"0,345233947753906";"-6,22406462207437";"134,97265625"
"0,343595947265625";"-1,23960548080504";"135,072265625"
"-0,549680786132812";"-3,58506082557142";"135,171875"
"-0,555297729492187";"-9,56359505653381";"135,271484375"
"-0,563125183105469";"-15,5319133773446";"135,37109375"
"-0,569069213867188";"-21,5149279683828";"135,470703125"
"-0,570355346679687";"-27,5024622678757";"135,5703125"
"-0,578447082519531";"-33,4604047238827";"135,669921875"
"0,461849212646484";"-31,1966482549906";"135,76953125"
"0,461612823486328";"-25,1986719667912";"135,869140625"
"0,476791015625";"-19,2342139780521";"135,96875"
"0,487487487792969";"-13,2550355046988";"136,068359375"
"0,478940765380859";"-7,27164186537266";"136,16796875"
"0,476706695556641";"-1,28918304108083";"136,267578125"
"-0,570808532714844";"-4,94506442919374";"136,3671875"
"-0,57508935546875";"-11,913682334125";"136,466796875"
"-0,584562622070313";"-18,8779532909393";"136,56640625"
"-0,589150390625";"-25,8653443306684";"136,666015625"
"-0,59592236328125";"-32,8278727829456";"136,765625"
"0,61266796875";"-30,9733357280493";"136,865234375"
"0,615489685058594";"-23,9804703742266";"136,96484375"
"0,63868505859375";"-17,0260425657034";"137,064453125"
"0,632908447265625";"-10,0399404764175";"137,1640625"
"0,626617797851562";"-3,05843376554549";"137,263671875"
"-0,587970703125";"-3,6040039267391";"137,36328125"
"-0,597877258300781";"-11,5818800404668";"137,462890625"
"-0,604948791503906";"-19,5518080145121";"137,5625"
"-0,606159362792969";"-27,5392848998308";"137,662109375"
"-0,230405609130859";"-34,7961261868477";"137,76171875"
"0,752963317871094";"-27,3370333015919";"137,861328125"
"0,774636840820312";"-19,3761680275202";"137,9609375"
"0,776440979003906";"-11,4038614556193";"138,060546875"
"0,770347900390625";"-3,42124793678522";"138,16015625"
"-0,605779968261719";"-4,51199291273952";"138,259765625"
"-0,619121215820313";"-13,4721733629704";"138,359375"
"-0,625675598144531";"-22,4424004554749";"138,458984375"
"-0,630705505371094";"-31,4060784876347";"138,55859375"
"0,831898498535156";"-30,3488224744797";"138,658203125"
"0,847667907714844";"-21,3732533156872";"138,7578125"
"0,85730029296875";"-12,4079501256347";"138,857421875"
"0,848869506835938";"-3,42755950987339";"138,95703125"
"-0,619540100097656";"-5,02232415601611";"139,056640625"
"-0,640605712890625";"-14,9780204519629";"139,15625"
"-0,644684265136719";"-24,9596703797579";"139,255859375"
"-0,527579772949219";"-34,6434637904167";"139,35546875"
"0,874508422851562";"-26,2003801763058";"139,455078125"
"0,897246276855469";"-16,2542201578617";"139,5546875"
"0,894198547363281";"-6,27530505880713";"139,654296875"
"-0,65848828125";"-3,27162374742329";"139,75390625"
"-0,656594665527344";"-14,2147624865174";"139,853515625"
"-0,661617492675781";"-25,1912884414196";"139,953125"
"-0,458568389892578";"-34,924790263176";"140,052734375"
"0,925841125488281";"-25,1149348914623";"140,15234375"
"0,957186828613281";"-14,1655365005136";"140,251953125"
"0,938051208496094";"-3,18440981209278";"140,3515625"
"-0,661319885253906";"-7,2148428298533";"140,451171875"
"-0,68190576171875";"-19,1293768584728";"140,55078125"
"-0,687851989746094";"-31,1106331646442";"140,650390625"
"0,954475036621094";"-27,8602540493011";"140,75"
"0,990268005371094";"-15,9184653311968";"140,849609375"
"0,984342895507813";"-3,92813934013247";"140,94921875"
"-0,682294067382813";"-7,55580328404903";"141,048828125"
"-0,702537475585937";"-20,4807799309492";"141,1484375"
"-0,713325439453125";"-33,4288217127323";"141,248046875"
"1,00231958007813";"-25,4834927618504";"141,34765625"
"1,02382037353516";"-12,5393690541387";"141,447265625"
"0,0993092346191406";"-0,415185815654695";"141,546875"
"-0,717697570800781";"-13,4481675922871";"141,646484375"
"-0,724209655761719";"-27,3680966347456";"141,74609375"
"1,04259191894531";"-30,1058553159237";"141,845703125"
"1,043693359375";"-16,577735543251";"141,9453125"
"1,04991430664063";"-2,94380984269083";"142,044921875"
"-0,703739013671875";"-9,37601551413536";"142,14453125"
"-0,718372314453125";"-23,2865922152996";"142,244140625"
"0,456682952880859";"-34,0925678610802";"142,34375"
"1,03132885742188";"-20,1990623027086";"142,443359375"
"1,05126098632813";"-6,60698255524039";"142,54296875"
"-0,734365051269531";"-6,87814224511385";"142,642578125"
"-0,722360168457031";"-21,2098062038422";"142,7421875"
"-0,526093994140625";"-34,6766524016857";"142,841796875"
"1,05387036132813";"-21,4009247720242";"142,94140625"
"1,04675915527344";"-7,68922688439488";"143,041015625"
"-0,770026428222656";"-6,15706667304039";"143,140625"
"-0,721242736816406";"-21,3469602167606";"143,240234375"
"-0,398688598632813";"-34,6702076494694";"143,33984375"
"1,08801892089844";"-19,9814774096012";"143,439453125"
"1,05132824707031";"-5,86112681776285";"143,5390625"
"-0,765402160644531";"-8,34076944738626";"143,638671875"
"-0,731333557128906";"-24,143785238266";"143,73828125"
"1,0782861328125";"-32,1692079305649";"143,837890625"
"1,09451098632813";"-15,6003348529339";"143,9375"
"1,03635900878906";"-1,24427583068609";"144,037109375"
"-0,770685668945313";"-14,7790787741542";"144,13671875"
"-0,722682006835938";"-30,5819995701313";"144,236328125"
"1,14467065429687";"-24,1761915385723";"144,3359375"
"1,08792260742188";"-7,8122797422111";"144,435546875"
"-0,809015625";"-4,53521125018597";"144,53515625"
"-0,764665649414063";"-22,6325150579214";"144,634765625"
"0,987218505859375";"-33,395417034626";"144,734375"
"1,15182287597656";"-15,0684742256999";"144,833984375"
